date,ranking
2018-12-09,"['PCG', 'COO', 'KKR', 'CAR', 'TGT', 'GS', 'MO', 'RF', 'AAPL', 'NTRS', 'NFLX', 'AIG', 'BAC', 'DAL', 'WFC', 'UAL', 'GE', 'AMZN', 'WMT', 'C', 'GIS', 'ET', 'FDX', 'CNC', 'CAT', 'AMD', 'POOL', 'IT', 'ABBV', 'CVS', 'CRM', 'MS', 'BLK', 'HD', 'UPS', 'IBM', 'JPM', 'DD', 'DE', 'LEA', 'UNH', 'FB', 'ADP', 'USB', 'ORCL', 'NDAQ', 'GM', 'PFE', 'MSFT', 'ABT', 'ABC', 'AXP', 'WY', 'CME', 'LUV', 'PM', 'MAR', 'CSCO', 'GOOG', 'V', 'OKE', 'INTC', 'EA', 'MA', 'VZ', 'MSCI', 'QCOM', 'DIS', 'T', 'KR', 'IP', 'LNG', 'ICE', 'DUK', 'CMCSA', 'TSLA', 'CVX', 'FE', 'PG', 'SO', 'JNJ', 'BMY', 'CMS']"
2018-12-16,"['AAPL', 'TSLA', 'FDX', 'NOW', 'MA', 'CRM', 'RF', 'GS', 'AAL', 'C', 'AMZN', 'OKE', 'FB', 'BSX', 'AMD', 'JNJ', 'WFC', 'GE', 'CAT', 'ET', 'INTC', 'BAC', 'ABC', 'LEA', 'MSFT', 'XOM', 'CBOE', 'MO', 'USB', 'LNG', 'ABT', 'PCG', 'UPS', 'MS', 'VZ', 'MAR', 'CSCO', 'GIS', 'GOOG', 'CME', 'NKE', 'CNC', 'HD', 'DD', 'COO', 'PSA', 'FE', 'AIG', 'NTRS', 'IP', 'WMT', 'T', 'DE', 'EA', 'UNH', 'IT', 'IBM', 'JPM', 'PG', 'ICE', 'DAL', 'POOL', 'F', 'BLK', 'DIS', 'MSCI', 'PFE', 'GM', 'BK', 'NDAQ', 'QCOM']"
2018-12-23,"['FDX', 'WY', 'C', 'AMZN', 'AMD', 'ET', 'PM', 'CAR', 'CRM', 'NTRS', 'RF', 'CVS', 'ABC', 'AXP', 'MGM', 'DAL', 'POOL', 'CNC', 'UPS', 'MA', 'FB', 'NFLX', 'UNH', 'BAC', 'USB', 'GD', 'GS', 'WFC', 'CSCO', 'CI', 'IT', 'CAT', 'XOM', 'AAPL', 'OKE', 'MSFT', 'HD', 'IP', 'JPM', 'GM', 'IBM', 'ABT', 'KKR', 'MS', 'BLK', 'COO', 'TGT', 'CMCSA', 'LUV', 'F', 'GOOG', 'UAL', 'MSCI', 'JNJ', 'CVX', 'MAR', 'LEA', 'PFE', 'DE', 'INTC', 'NDAQ', 'GIS', 'MO', 'CBOE', 'ORCL', 'PG', 'ICE', 'CE', 'FE', 'DIS', 'GE', 'WMT', 'QCOM', 'BMY', 'VZ', 'CMS', 'NKE', 'DUK', 'CME', 'PSA']"
2018-12-30,"['FDX', 'UPS', 'KKR', 'C', 'MS', 'DAL', 'AMZN', 'WFC', 'AAPL', 'TGT', 'BSX', 'GS', 'ABT', 'JPM', 'IT', 'MA', 'GOOG', 'ORCL', 'WMT', 'NFLX', 'ICE', 'FB', 'IBM', 'XOM', 'MAR', 'GE', 'ET', 'VZ', 'TSLA', 'DIS', 'T', 'CME']"
2019-01-06,"['NFLX', 'WFC', 'GS', 'C', 'JNJ', 'ABC', 'DAL', 'AMZN', 'CVS', 'MS', 'BX', 'TSLA', 'BAC', 'XOM', 'AAPL', 'JPM', 'ET', 'GE', 'MO', 'ICE', 'KKR', 'CSCO', 'AMD', 'PG', 'AXP', 'T', 'UAL', 'PCG', 'UNH', 'IBM', 'BLK', 'FB', 'AAL', 'MA', 'MAR', 'CMS', 'FE', 'SO', 'GIS', 'MSCI', 'CRM', 'COO', 'LNG', 'VZ', 'MSFT', 'CVX', 'CAT', 'PFE', 'V', 'MCD', 'GM', 'GOOG', 'WMT', 'KO', 'INTC', 'NKE', 'BSX', 'DIS', 'HD', 'CME']"
2019-01-13,"['PCG', 'ET', 'MGM', 'AMD', 'AMZN', 'AXP', 'TSLA', 'FB', 'NFLX', 'GD', 'OKE', 'CRM', 'MA', 'IP', 'C', 'BK', 'CVS', 'TGT', 'UNH', 'AAPL', 'IBM', 'MSCI', 'GM', 'ABC', 'GS', 'LEA', 'LUV', 'F', 'BSX', 'HD', 'USB', 'NTRS', 'DAL', 'JPM', 'CBOE', 'UAL', 'IT', 'DIS', 'PNC', 'NDAQ', 'INTC', 'GOOG', 'GE', 'PG', 'MSFT', 'WMT', 'T', 'MO', 'KKR', 'SBUX', 'MS', 'BMY', 'BAC', 'ORCL', 'LNG', 'ADP', 'AAL', 'MAR', 'DE', 'ICE', 'FE', 'RF', 'COO', 'JNJ', 'VZ', 'ABT', 'WFC', 'BLK', 'CMS', 'CME', 'LLY', 'CE', 'ABBV', 'NKE']"
2019-01-20,"['PCG', 'NFLX', 'TSLA', 'GE', 'ET', 'LEA', 'PG', 'MGM', 'AMZN', 'AMD', 'EA', 'GS', 'F', 'BAC', 'NOW', 'CRM', 'C', 'IP', 'FB', 'EBAY', 'TGT', 'DFS', 'AAPL', 'LUV', 'MS', 'KKR', 'RF', 'LNG', 'MSCI', 'GOOG', 'AIG', 'AAL', 'BSX', 'NTRS', 'HD', 'OKE', 'INTC', 'USB', 'WMT', 'NKE', 'T', 'TSN', 'BK', 'GM', 'BMY', 'CME', 'ORCL', 'WY', 'POOL', 'CNC', 'SO', 'QCOM', 'UAL', 'DE', 'CMS', 'MA', 'PM', 'IBM', 'DIS', 'CAR', 'DD', 'BLK', 'PNC', 'CVX', 'COO', 'LLY', 'MSFT', 'WFC', 'UNH', 'CI', 'JPM', 'CMCSA', 'NDAQ', 'ICE', 'CVS', 'VZ', 'DAL', 'ABC', 'MO', 'MAR', 'FE', 'IT', 'FDX']"
2019-01-27,"['PCG', 'NFLX', 'GS', 'BAC', 'C', 'GE', 'BMY', 'LEA', 'AMZN', 'ET', 'AMD', 'CRM', 'OKE', 'GM', 'MO', 'TSLA', 'ABT', 'T', 'AAPL', 'RF', 'GIS', 'FB', 'DAL', 'LUV', 'IBM', 'MS', 'MSCI', 'IP', 'EBAY', 'PNC', 'COO', 'CAT', 'FDX', 'ORCL', 'XOM', 'CNC', 'BSX', 'INTC', 'BLK', 'CE', 'JPM', 'F', 'WFC', 'BX', 'MSFT', 'PSA', 'DD', 'ABC', 'WMT', 'CMCSA', 'GOOG', 'CVS', 'MA', 'NTRS', 'POOL', 'PM', 'DIS', 'SO', 'CMS', 'KO', 'USB', 'UAL', 'AXP', 'CME', 'HD', 'UPS', 'ICE', 'VZ', 'ADP', 'V', 'PG', 'AAL', 'SBUX', 'MAR', 'IT']"
2019-02-03,"['PCG', 'LEA', 'CBOE', 'GM', 'TSLA', 'BAC', 'MO', 'GE', 'AMD', 'PG', 'NFLX', 'CAR', 'ET', 'C', 'FB', 'AAPL', 'GS', 'EBAY', 'PFE', 'DD', 'QCOM', 'CVS', 'CAT', 'UNH', 'TSN', 'IP', 'VZ', 'IBM', 'LLY', 'CNC', 'UAL', 'MGM', 'CRM', 'LNG', 'WFC', 'ICE', 'MSCI', 'FE', 'ABC', 'AMZN', 'COO', 'USB', 'DAL', 'MSFT', 'UPS', 'EA', 'RF', 'DE', 'MCD', 'BSX', 'MAR', 'AAL', 'CME', 'AIG', 'POOL', 'NTRS', 'BX', 'CE', 'BMY', 'INTC', 'MA', 'PSA', 'WMT', 'T', 'MS', 'XOM', 'JNJ', 'CMS', 'HD', 'CI', 'FDX', 'CVX', 'CMCSA', 'IT', 'DIS', 'DFS', 'V', 'GOOG', 'KR', 'ADP', 'ABT', 'JPM', 'SBUX', 'BLK', 'DUK']"
2019-02-10,"['TSLA', 'AMD', 'GS', 'KKR', 'GE', 'C', 'FB', 'BAC', 'ET', 'F', 'AAL', 'TSN', 'BK', 'MSCI', 'WFC', 'LEA', 'CI', 'OKE', 'AAPL', 'BMY', 'FDX', 'PSA', 'VZ', 'ADP', 'MS', 'COO', 'DUK', 'IBM', 'MSFT', 'NTRS', 'JPM', 'NFLX', 'GOOG', 'PM', 'FE', 'ABC', 'USB', 'CSCO', 'UAL', 'CME', 'DIS', 'CE', 'MGM', 'NKE', 'PG', 'WMT', 'IT', 'ICE', 'GM', 'AMZN', 'PNC', 'RF', 'T', 'NDAQ', 'HON', 'CMCSA', 'MA', 'CVS', 'LLY', 'LNG', 'MO', 'CRM', 'EA', 'SO', 'PFE', 'KO', 'IP', 'INTC', 'CVX', 'DAL', 'CMS', 'MAR', 'HD']"
2019-02-17,"['PCG', 'MO', 'CAR', 'MS', 'EBAY', 'NOW', 'EA', 'KO', 'FB', 'CI', 'LEA', 'PFE', 'GS', 'AAPL', 'CVS', 'DFS', 'VZ', 'AAL', 'AIG', 'LUV', 'XOM', 'BAC', 'AMD', 'GE', 'PM', 'T', 'DE', 'ICE', 'BMY', 'WY', 'F', 'RF', 'IP', 'C', 'CNC', 'JPM', 'UPS', 'AMZN', 'CME', 'V', 'GIS', 'TSLA', 'MGM', 'DUK', 'IBM', 'WFC', 'NKE', 'UAL', 'CMS', 'USB', 'CSCO', 'MCD', 'HD', 'SBUX', 'LNG', 'BLK', 'NTRS', 'ET', 'NDAQ', 'NFLX', 'JNJ', 'FE', 'GD', 'MSFT', 'OKE', 'CE', 'CRM', 'COO', 'PG', 'MAR', 'GM', 'CVX', 'AXP', 'GOOG', 'MA', 'IT', 'WMT', 'FDX', 'MSCI', 'ABC', 'DIS', 'BSX', 'ORCL']"
2019-02-24,"['CAR', 'PCG', 'EA', 'NOW', 'CVS', 'GE', 'LUV', 'FB', 'PM', 'MSFT', 'DD', 'MO', 'MS', 'AAPL', 'AMZN', 'CAT', 'DAL', 'TSLA', 'CME', 'MCD', 'MAR', 'INTC', 'KR', 'LLY', 'XOM', 'WMT', 'DE', 'GS', 'AAL', 'ABC', 'IT', 'T', 'KO', 'MGM', 'MA', 'ET', 'NTRS', 'PSA', 'MSCI', 'ORCL', 'OKE', 'BMY', 'RF', 'PG', 'WFC', 'PNC', 'CSCO', 'CMS', 'GIS', 'UAL', 'LEA', 'FDX', 'BSX', 'JPM', 'UNH', 'GM', 'GOOG', 'CRM', 'HD', 'CNC', 'F', 'NKE', 'DIS', 'ICE', 'COO', 'ABT', 'IBM', 'CMCSA', 'IP', 'C', 'USB', 'FE', 'NFLX']"
2019-03-03,"['PCG', 'CAR', 'CI', 'PG', 'GE', 'CVS', 'PM', 'MAR', 'LEA', 'CAT', 'ET', 'CE', 'COO', 'F', 'MGM', 'CME', 'DD', 'GS', 'EA', 'POOL', 'MSCI', 'KKR', 'TSLA', 'AAPL', 'IBM', 'WFC', 'LNG', 'FE', 'MS', 'SO', 'LLY', 'JPM', 'ABC', 'HD', 'PSA', 'GOOG', 'ADP', 'T', 'MSFT', 'AMZN', 'OKE', 'DAL', 'C', 'NFLX', 'EBAY', 'KR', 'ABBV', 'IP', 'ICE', 'UPS', 'CMS', 'LUV', 'BSX', 'GM', 'RF', 'FB', 'PFE', 'WMT', 'CVX', 'DE', 'MO', 'XOM', 'VZ', 'GIS', 'BMY', 'BLK', 'DUK', 'JNJ', 'USB', 'PNC', 'INTC', 'CMCSA', 'DIS', 'MA', 'NTRS', 'AXP', 'NDAQ', 'V', 'QCOM', 'CRM', 'CSCO', 'TGT', 'BAC', 'IT']"
2019-03-10,"['CVS', 'KR', 'AAL', 'PCG', 'CI', 'NDAQ', 'GE', 'EA', 'ABC', 'AMD', 'CRM', 'INTC', 'LEA', 'ET', 'RF', 'POOL', 'IBM', 'MAR', 'MSCI', 'PM', 'UAL', 'ICE', 'CME', 'TSLA', 'C', 'QCOM', 'CE', 'DFS', 'IT', 'F', 'BMY', 'CSCO', 'ABT', 'MCD', 'DE', 'NTRS', 'MGM', 'LLY', 'MS', 'HON', 'HD', 'COO', 'FB', 'AMZN', 'XOM', 'MSFT', 'AAPL', 'MA', 'JPM', 'BAC', 'BSX', 'AXP', 'DAL', 'T', 'GIS', 'GM', 'GS', 'ORCL', 'VZ', 'NFLX', 'MO', 'PSA', 'CMCSA', 'WMT', 'TGT', 'CVX', 'IP', 'USB', 'WFC', 'CMS', 'GOOG', 'DIS', 'PG', 'LNG', 'FE']"
2019-03-17,"['PCG', 'CVS', 'EA', 'LUV', 'KR', 'UNH', 'QCOM', 'CI', 'CNC', 'TSLA', 'AAPL', 'ABBV', 'DE', 'CMCSA', 'MAR', 'ABC', 'GS', 'AMD', 'PSA', 'AMZN', 'PG', 'GE', 'AIG', 'POOL', 'CBOE', 'ET', 'BK', 'NFLX', 'NTRS', 'BSX', 'KKR', 'CRM', 'AAL', 'C', 'UPS', 'LEA', 'EBAY', 'CAT', 'MGM', 'TSN', 'GIS', 'PFE', 'BMY', 'BAC', 'MA', 'MCD', 'UAL', 'CE', 'ADP', 'GD', 'INTC', 'NKE', 'DAL', 'V', 'FE', 'PM', 'JPM', 'BX', 'ICE', 'T', 'NOW', 'HD', 'AXP', 'MSFT', 'WY', 'USB', 'WMT', 'GOOG', 'BLK', 'MO', 'CSCO', 'RF', 'MS', 'COO', 'VZ', 'WFC', 'CME', 'GM', 'FB', 'OKE', 'IP', 'DIS', 'IBM', 'XOM', 'LNG', 'IT', 'JNJ', 'F', 'CMS', 'LLY', 'CVX', 'DD', 'ORCL', 'ABT', 'MSCI', 'TGT']"
2019-03-24,"['AMD', 'KEY', 'RF', 'UNH', 'AAL', 'CVS', 'CI', 'LEA', 'UAL', 'KKR', 'DAL', 'USB', 'KR', 'COO', 'GIS', 'DIS', 'JPM', 'AIG', 'BMY', 'BSX', 'MSCI', 'CME', 'HD', 'LNG', 'C', 'GM', 'NKE', 'TSLA', 'QCOM', 'T', 'MS', 'OKE', 'CAT', 'NTRS', 'CAR', 'BLK', 'ET', 'CSCO', 'ABC', 'FB', 'GE', 'LUV', 'FE', 'PSA', 'MAR', 'CE', 'MGM', 'IP', 'GS', 'DD', 'V', 'DE', 'GOOG', 'WFC', 'GD', 'BX', 'NFLX', 'AAPL', 'ABT', 'PFE', 'MO', 'PG', 'CRM', 'EA', 'WMT', 'FDX', 'CMCSA', 'POOL', 'TGT', 'CVX', 'CBOE', 'ICE', 'AMZN', 'JNJ', 'XOM', 'INTC', 'VZ', 'MSFT', 'KO', 'MCD', 'IBM', 'CMS', 'ORCL', 'IT', 'SBUX', 'PM', 'MA']"
2019-03-31,"['AMD', 'KR', 'CVS', 'CNC', 'PCG', 'RF', 'NDAQ', 'ABC', 'ICE', 'CAR', 'KEY', 'LEA', 'LUV', 'TSLA', 'CME', 'GE', 'CAT', 'FDX', 'AAPL', 'CRM', 'CBOE', 'DE', 'GM', 'BAC', 'PG', 'BSX', 'BMY', 'AMZN', 'BLK', 'NKE', 'MSCI', 'UNH', 'C', 'USB', 'GS', 'IBM', 'NTRS', 'MCD', 'ABT', 'MS', 'JPM', 'NFLX', 'GOOG', 'DIS', 'T', 'PSA', 'MSFT', 'FB', 'TGT', 'WFC', 'DAL', 'PNC', 'GIS', 'HD', 'LLY', 'MAR', 'VZ', 'POOL', 'LNG', 'CMCSA', 'INTC', 'CSCO', 'WY', 'MA', 'IT', 'COO', 'WMT', 'MO', 'IP', 'ET', 'GD', 'CMS', 'FE', 'DD', 'OKE', 'JNJ']"
2019-04-07,"['AMD', 'LEA', 'DAL', 'FB', 'PCG', 'MS', 'ADP', 'TSLA', 'AMZN', 'COO', 'NTRS', 'CE', 'AIG', 'RF', 'MO', 'FE', 'NOW', 'BMY', 'MAR', 'AAPL', 'HD', 'MSCI', 'LUV', 'ABC', 'LLY', 'BAC', 'GOOG', 'GM', 'CVS', 'JPM', 'PG', 'NFLX', 'USB', 'BX', 'CVX', 'NKE', 'DE', 'C', 'CMCSA', 'MSFT', 'ABT', 'T', 'UPS', 'WFC', 'QCOM', 'ICE', 'EA', 'DIS', 'CAR', 'F', 'OKE', 'INTC', 'GS', 'CI', 'CRM', 'ET', 'PSA', 'DD', 'IT', 'LNG', 'CME', 'GE', 'WMT', 'POOL', 'VZ', 'MA', 'XOM', 'WY', 'IBM', 'NDAQ', 'CMS', 'SO', 'EBAY', 'IP']"
2019-04-14,"['RF', 'PCG', 'LEA', 'AMD', 'PNC', 'BAC', 'C', 'FOX', 'PG', 'NTRS', 'UNH', 'BSX', 'JPM', 'DAL', 'USB', 'GS', 'DIS', 'NKE', 'BK', 'GE', 'WFC', 'LUV', 'CAR', 'BLK', 'CVX', 'GM', 'TSLA', 'CNC', 'MS', 'GIS', 'AIG', 'CAT', 'ABC', 'DFS', 'AAL', 'UAL', 'FE', 'BMY', 'CE', 'CME', 'ICE', 'DE', 'HD', 'CMCSA', 'UPS', 'ORCL', 'POOL', 'F', 'NFLX', 'AMZN', 'IP', 'PM', 'MSCI', 'NOW', 'ET', 'MSFT', 'EA', 'NDAQ', 'CVS', 'V', 'SBUX', 'ABT', 'LNG', 'AAPL', 'CI', 'MAR', 'VZ', 'MGM', 'EBAY', 'ADP', 'IT', 'GOOG', 'INTC', 'MO', 'DD', 'XOM', 'PFE', 'FB', 'CSCO', 'COO', 'JNJ', 'CMS', 'TGT', 'CRM', 'DUK', 'QCOM', 'T', 'KO', 'PSA', 'IBM', 'WMT', 'MCD', 'MA']"
2019-04-21,"['QCOM', 'PCG', 'CNC', 'DAL', 'DIS', 'RF', 'CI', 'LEA', 'IP', 'BK', 'COO', 'PG', 'CVS', 'TSLA', 'AAL', 'PNC', 'LLY', 'MS', 'GE', 'BAC', 'AMD', 'FOX', 'GS', 'IT', 'CRM', 'CSCO', 'GOOG', 'ABC', 'ABT', 'WFC', 'MO', 'JPM', 'BMY', 'UNH', 'PM', 'NTRS', 'AIG', 'PSA', 'ADP', 'UPS', 'BX', 'LNG', 'LUV', 'ICE', 'AAPL', 'NKE', 'MGM', 'C', 'FB', 'FE', 'BLK', 'ET', 'IBM', 'ABBV', 'CE', 'EBAY', 'NFLX', 'GM', 'INTC', 'VZ', 'JNJ', 'AMZN', 'NDAQ', 'DUK', 'SBUX', 'SO', 'DE', 'WMT', 'GD', 'CVX', 'GIS', 'KKR', 'USB', 'CMCSA', 'KO', 'HON', 'MSFT', 'MA', 'CME', 'T', 'MCD', 'XOM', 'AXP']"
2019-04-28,"['QCOM', 'LEA', 'F', 'TSLA', 'PCG', 'INTC', 'CNC', 'DIS', 'DAL', 'AMD', 'ABC', 'UPS', 'NOW', 'UAL', 'CI', 'LLY', 'JPM', 'AAL', 'KR', 'TGT', 'MO', 'UNH', 'BSX', 'LNG', 'CAT', 'ET', 'FB', 'EA', 'GE', 'C', 'MS', 'NTRS', 'PFE', 'AAPL', 'MGM', 'BAC', 'BMY', 'CE', 'T', 'EBAY', 'MSCI', 'PNC', 'WY', 'DFS', 'CVX', 'CVS', 'PM', 'CRM', 'FE', 'GS', 'ABBV', 'JNJ', 'GM', 'MAR', 'GIS', 'HD', 'DE', 'PSA', 'OKE', 'LUV', 'POOL', 'RF', 'AXP', 'COO', 'XOM', 'PG', 'CME', 'VZ', 'IP', 'CAR', 'AIG', 'SBUX', 'WFC', 'GOOG', 'WMT', 'ADP', 'AMZN', 'ICE', 'MSFT', 'CMS', 'IBM', 'TSN', 'NFLX', 'FOX', 'CMCSA', 'DUK', 'GD', 'IT', 'V', 'KO', 'MCD', 'MA']"
2019-05-05,"['QCOM', 'PCG', 'GE', 'UNH', 'DIS', 'TSLA', 'MGM', 'ABC', 'BX', 'F', 'PFE', 'MSCI', 'NFLX', 'CI', 'LEA', 'FE', 'WFC', 'GOOG', 'DD', 'BMY', 'CVX', 'AMD', 'LLY', 'KR', 'MO', 'OKE', 'MS', 'BK', 'MSFT', 'PG', 'XOM', 'GS', 'NKE', 'INTC', 'UPS', 'T', 'BAC', 'DAL', 'AAPL', 'RF', 'JPM', 'FB', 'ET', 'BSX', 'AMZN', 'C', 'FOX', 'CVS', 'LNG', 'KKR', 'CME', 'DE', 'ICE', 'CMCSA', 'CBOE', 'HON', 'GIS', 'ADP', 'VZ', 'CRM', 'PM', 'TSN', 'POOL', 'MA', 'HD', 'DFS', 'CSCO', 'ABT', 'DUK', 'WMT', 'GM', 'NTRS', 'IT', 'KO', 'USB', 'CMS', 'UAL', 'CE', 'IP', 'SBUX', 'IBM', 'MCD', 'PSA', 'CAT', 'MAR', 'COO']"
2019-05-12,"['QCOM', 'PCG', 'INTC', 'CNC', 'DD', 'BK', 'GE', 'CI', 'IP', 'BSX', 'EA', 'CAR', 'ABT', 'COO', 'ABC', 'PFE', 'FB', 'LNG', 'CVS', 'NFLX', 'IT', 'BX', 'AAPL', 'NOW', 'UPS', 'DE', 'TSLA', 'RF', 'NTRS', 'MS', 'CE', 'JNJ', 'LEA', 'MAR', 'MO', 'F', 'IBM', 'AMZN', 'CRM', 'AIG', 'CAT', 'ICE', 'CSCO', 'MSCI', 'DUK', 'MGM', 'UAL', 'VZ', 'NKE', 'JPM', 'USB', 'C', 'ADP', 'HON', 'POOL', 'PNC', 'GS', 'MSFT', 'DAL', 'PSA', 'BAC', 'TSN', 'PM', 'HD', 'GM', 'FOX', 'ET', 'GOOG', 'XOM', 'CMS', 'T', 'CME', 'KKR', 'WFC', 'AMD', 'GD', 'NDAQ', 'PG', 'UNH', 'KO', 'ORCL', 'CMCSA', 'DIS', 'MCD', 'V', 'CVX', 'WMT', 'MA', 'SBUX']"
2019-05-19,"['TSLA', 'INTC', 'DE', 'LEA', 'TGT', 'AAPL', 'UPS', 'F', 'AAL', 'CNC', 'QCOM', 'WFC', 'T', 'NTRS', 'FE', 'CI', 'MGM', 'BX', 'FB', 'NKE', 'GE', 'MS', 'GM', 'C', 'RF', 'PSA', 'CRM', 'UAL', 'BSX', 'MSFT', 'GS', 'NFLX', 'BAC', 'AMZN', 'MO', 'MSCI', 'HD', 'DAL', 'XOM', 'ET', 'DIS', 'ICE', 'COO', 'NDAQ', 'CVS', 'ABC', 'UNH', 'GOOG', 'VZ', 'IBM', 'JPM', 'CE', 'WMT', 'ABT', 'KO', 'EA', 'CVX', 'FOX', 'IP', 'AXP', 'CSCO', 'PG', 'KKR', 'CMCSA', 'MAR', 'AMD', 'CME', 'LUV', 'TSN', 'LNG', 'BMY', 'OKE', 'CMS', 'MCD', 'USB', 'IT', 'POOL', 'GIS', 'JNJ', 'MA', 'ADP', 'DUK', 'SBUX', 'V', 'CBOE', 'PM']"
2019-05-26,"['TSLA', 'QCOM', 'PCG', 'CAR', 'TGT', 'DE', 'GOOG', 'MGM', 'GE', 'DD', 'AAPL', 'MAR', 'CI', 'MS', 'EA', 'GM', 'BMY', 'LNG', 'PG', 'XOM', 'NKE', 'BLK', 'TSN', 'AIG', 'IP', 'NTRS', 'MSCI', 'CSCO', 'DIS', 'UPS', 'CE', 'CVS', 'UAL', 'POOL', 'F', 'CRM', 'FB', 'RF', 'ET', 'MSFT', 'ABC', 'NFLX', 'AMZN', 'CME', 'FE', 'BAC', 'AMD', 'DAL', 'COO', 'HD', 'FOX', 'IBM', 'LUV', 'ICE', 'GS', 'KKR', 'JPM', 'PSA', 'NDAQ', 'ABBV', 'CNC', 'MO', 'IT', 'ABT', 'BSX', 'VZ', 'WFC', 'T', 'CBOE', 'WMT', 'USB', 'CVX', 'DUK', 'MA', 'CMS', 'MCD', 'GIS', 'BX', 'KO']"
2019-06-02,"['TSLA', 'QCOM', 'AAPL', 'ET', 'INTC', 'DE', 'BK', 'BLK', 'TSN', 'FB', 'MS', 'FDX', 'GS', 'PM', 'JNJ', 'BAC', 'C', 'NFLX', 'GE', 'VZ', 'PG', 'MAR', 'RF', 'GM', 'WFC', 'MO', 'AMZN', 'JPM', 'ABC', 'KKR', 'CSCO', 'TGT', 'EBAY', 'GOOG', 'IBM', 'GIS', 'DFS', 'XOM', 'IT', 'CVX', 'CNC', 'AMD', 'T', 'LNG', 'MSCI', 'FOX', 'IP', 'BMY', 'CME', 'BSX', 'USB', 'F', 'ABT', 'CRM', 'DIS', 'HD', 'ICE', 'NOW', 'MSFT', 'NDAQ', 'PSA', 'KO', 'EA', 'WMT', 'COO', 'MA']"
2019-06-09,"['PCG', 'TSLA', 'DE', 'AMD', 'LEA', 'QCOM', 'AAPL', 'FB', 'MS', 'GOOG', 'BAC', 'BLK', 'CE', 'CRM', 'GM', 'NTRS', 'DD', 'UAL', 'BX', 'TSN', 'TGT', 'C', 'NFLX', 'CVS', 'FDX', 'AMZN', 'GD', 'LNG', 'NDAQ', 'XOM', 'CSCO', 'IP', 'CI', 'DFS', 'GE', 'MSCI', 'GS', 'JPM', 'T', 'FE', 'ORCL', 'CNC', 'ABT', 'F', 'VZ', 'INTC', 'BSX', 'FOX', 'PM', 'EA', 'DIS', 'CME', 'GIS', 'WFC', 'AXP', 'UPS', 'NOW', 'ET', 'MAR', 'MO', 'ADP', 'RF', 'MSFT', 'USB', 'ABC', 'COO', 'HD', 'MA', 'POOL', 'IBM', 'PFE', 'CMCSA', 'KO', 'ICE', 'PSA', 'BMY', 'CMS', 'IT', 'CBOE', 'AIG', 'WMT']"
2019-06-16,"['QCOM', 'AMD', 'PCG', 'TSLA', 'TGT', 'LEA', 'GE', 'LNG', 'AAPL', 'OKE', 'CRM', 'IP', 'GOOG', 'FB', 'EA', 'FOX', 'GM', 'MAR', 'AMZN', 'BSX', 'COO', 'MS', 'ABC', 'NTRS', 'MGM', 'CI', 'XOM', 'CE', 'CSCO', 'SBUX', 'ORCL', 'ET', 'MSCI', 'LLY', 'MA', 'NFLX', 'CME', 'DD', 'RF', 'KKR', 'DE', 'CBOE', 'BMY', 'NDAQ', 'GD', 'GS', 'UAL', 'UPS', 'CMCSA', 'DIS', 'PNC', 'WFC', 'TSN', 'VZ', 'BAC', 'WMT', 'MSFT', 'HD', 'PSA', 'IBM', 'PG', 'ICE', 'V', 'IT', 'CNC', 'POOL', 'AXP', 'CVS', 'DUK', 'MO', 'INTC', 'DFS', 'JPM', 'SO', 'BLK', 'ABT', 'USB', 'MCD', 'CMS', 'FE', 'JNJ', 'C', 'T']"
2019-06-23,"['PCG', 'AAL', 'MS', 'BX', 'VZ', 'PM', 'TSN', 'ET', 'KKR', 'KR', 'LUV', 'MO', 'GIS', 'NFLX', 'UAL', 'AMD', 'GM', 'NKE', 'DD', 'BAC', 'CE', 'NTRS', 'TSLA', 'KEY', 'GS', 'DAL', 'FOX', 'XOM', 'T', 'C', 'GOOG', 'ABC', 'PG', 'UPS', 'DE', 'IBM', 'FDX', 'AAPL', 'MGM', 'CRM', 'CVX', 'JPM', 'BMY', 'AMZN', 'ORCL', 'WFC', 'WMT', 'TGT', 'CNC', 'MSFT', 'PSA', 'USB', 'FE', 'UNH', 'GD', 'MSCI', 'CAT', 'DIS', 'COO', 'GE', 'CME', 'LNG', 'CMS', 'HD', 'FB', 'IP', 'CVS', 'HON', 'RF', 'IT', 'INTC', 'ABT', 'EBAY', 'ICE', 'MAR', 'KO', 'PFE', 'BSX', 'MA']"
2019-06-30,"['PCG', 'AMD', 'TSLA', 'CNC', 'AAL', 'AAPL', 'MSCI', 'KR', 'BX', 'DD', 'CSCO', 'GOOG', 'LEA', 'BMY', 'TSN', 'SBUX', 'XOM', 'DE', 'BLK', 'GM', 'FE', 'MSFT', 'UAL', 'NKE', 'ABBV', 'GIS', 'CVX', 'MO', 'ET', 'FB', 'IT', 'CAT', 'EA', 'FOX', 'IBM', 'POOL', 'ORCL', 'MGM', 'TGT', 'NDAQ', 'CRM', 'ABC', 'PG', 'CME', 'UPS', 'AMZN', 'FDX', 'NFLX', 'JNJ', 'LNG', 'EBAY', 'ABT', 'WMT', 'GE', 'OKE', 'PNC', 'CMS', 'BSX', 'HD', 'UNH', 'BK', 'DAL', 'MS', 'IP', 'BAC', 'CVS', 'GS', 'ADP', 'CMCSA', 'INTC', 'CE', 'AIG', 'T', 'KO', 'COO', 'ICE', 'MAR', 'NTRS', 'MA', 'VZ', 'F', 'DUK', 'C', 'PM', 'DIS', 'MCD', 'USB', 'V', 'RF', 'PSA', 'PFE', 'JPM', 'WFC']"
2019-07-07,"['PCG', 'NFLX', 'CRM', 'AMD', 'CME', 'FB', 'AMZN', 'MSCI', 'IP', 'DE', 'CE', 'GOOG', 'LNG', 'BMY', 'ICE', 'ABBV', 'AAL', 'GM', 'ET', 'IT', 'MO', 'C', 'ADP', 'COO', 'AAPL', 'MA', 'FOX', 'CSCO', 'GD', 'VZ', 'HD', 'MSFT', 'GS', 'FDX', 'GE', 'RF', 'GIS', 'BAC', 'CMS', 'DIS', 'DD', 'INTC', 'WMT', 'BLK', 'JPM', 'WFC', 'NKE', 'PM', 'ABC', 'KKR', 'MS', 'IBM', 'T', 'KO', 'DAL', 'FE', 'NTRS']"
2019-07-14,"['FB', 'CNC', 'NFLX', 'MO', 'AMD', 'QCOM', 'CI', 'ABBV', 'MS', 'DE', 'GOOG', 'UNH', 'AAL', 'POOL', 'FE', 'TSLA', 'ET', 'AAPL', 'LLY', 'OKE', 'ORCL', 'BX', 'LNG', 'BLK', 'BK', 'NTRS', 'PM', 'XOM', 'MSCI', 'JNJ', 'MAR', 'COO', 'INTC', 'CSCO', 'LUV', 'FDX', 'DD', 'CRM', 'MGM', 'PNC', 'KEY', 'FOX', 'ICE', 'IP', 'NKE', 'CE', 'LEA', 'PFE', 'GS', 'DIS', 'UPS', 'CVS', 'WFC', 'BSX', 'GM', 'EBAY', 'VZ', 'AXP', 'IT', 'KKR', 'AMZN', 'UAL', 'NDAQ', 'RF', 'EA', 'DFS', 'ABT', 'CMCSA', 'T', 'ADP', 'USB', 'CMS', 'GE', 'MSFT', 'TGT', 'SO', 'DAL', 'DUK', 'CVX', 'MCD', 'HD', 'IBM', 'MA', 'GIS', 'C', 'CME', 'ABC', 'JPM', 'SBUX', 'BAC', 'PG', 'F']"
2019-07-21,"['PCG', 'NFLX', 'ABBV', 'CI', 'BMY', 'CNC', 'PM', 'FB', 'EA', 'UNH', 'AMD', 'GOOG', 'NDAQ', 'IT', 'KKR', 'CVS', 'DAL', 'JNJ', 'AAPL', 'TSLA', 'CMCSA', 'ABC', 'QCOM', 'GS', 'PSA', 'HD', 'LEA', 'DIS', 'AMZN', 'AAL', 'OKE', 'MSCI', 'MA', 'ET', 'LNG', 'GIS', 'FE', 'CRM', 'MSFT', 'T', 'KR', 'FDX', 'LUV', 'CMS', 'KEY', 'MAR', 'ORCL', 'CME', 'MS', 'UAL', 'KO', 'GE', 'AXP', 'UPS', 'BAC', 'BX', 'DD', 'ICE', 'INTC', 'PNC', 'VZ', 'BSX', 'IBM', 'WFC', 'C', 'EBAY', 'GM', 'HON', 'IP', 'JPM', 'SBUX', 'POOL', 'MGM', 'COO', 'WMT', 'V', 'TGT', 'CAR', 'USB', 'NTRS', 'DFS', 'MCD', 'ABT', 'BK', 'CVX', 'RF', 'BLK', 'DE', 'CE', 'MO']"
2019-07-28,"['TSLA', 'PCG', 'UPS', 'GOOG', 'FB', 'DFS', 'KKR', 'AAPL', 'BX', 'ET', 'WFC', 'AMD', 'AAL', 'NFLX', 'DD', 'LEA', 'RF', 'NDAQ', 'SBUX', 'F', 'NOW', 'GE', 'JNJ', 'MSFT', 'FE', 'BK', 'AMZN', 'LLY', 'KEY', 'CVX', 'NTRS', 'ABC', 'UAL', 'KO', 'IT', 'CNC', 'JPM', 'IBM', 'OKE', 'CME', 'BMY', 'DAL', 'T', 'CAT', 'MSCI', 'C', 'GIS', 'ICE', 'QCOM', 'LUV', 'WY', 'BSX', 'ABBV', 'FDX', 'TGT', 'DIS', 'PSA', 'MO', 'GS', 'LNG', 'INTC', 'DE', 'UNH', 'CVS', 'HON', 'USB', 'XOM', 'DUK', 'BAC', 'PNC', 'MA', 'V', 'FOX', 'PG', 'GD', 'HD', 'CMCSA', 'MS', 'CMS', 'ADP', 'POOL', 'MAR', 'KR', 'CRM', 'GM', 'ABT', 'VZ', 'MCD', 'WMT', 'COO', 'IP', 'PFE', 'EBAY']"
2019-08-04,"['IT', 'AMD', 'PCG', 'UPS', 'PFE', 'NFLX', 'IP', 'NTRS', 'BX', 'GOOG', 'CI', 'CRM', 'KKR', 'SBUX', 'LEA', 'FDX', 'INTC', 'MSCI', 'NOW', 'POOL', 'JNJ', 'FB', 'QCOM', 'DAL', 'ET', 'GS', 'CNC', 'DE', 'BK', 'MA', 'MS', 'F', 'MGM', 'ABBV', 'DD', 'NKE', 'IBM', 'RF', 'LNG', 'USB', 'AIG', 'AMZN', 'BMY', 'XOM', 'ABC', 'GE', 'C', 'PM', 'TSLA', 'WFC', 'CE', 'UAL', 'ABT', 'LUV', 'CSCO', 'JPM', 'AAPL', 'COO', 'CAR', 'MO', 'CMCSA', 'CVX', 'PG', 'MAR', 'CVS', 'BAC', 'MSFT', 'VZ', 'CME', 'PNC', 'KO', 'HD', 'GIS', 'ADP', 'V', 'GM', 'WMT', 'KR', 'EBAY', 'EA', 'FOX', 'DIS', 'ICE', 'BSX', 'CMS', 'PSA', 'FE', 'MCD', 'T']"
2019-08-11,"['NFLX', 'AMD', 'PCG', 'IT', 'TSN', 'CAR', 'ABC', 'EA', 'GE', 'LEA', 'NOW', 'UPS', 'IBM', 'FB', 'KKR', 'AMZN', 'MSCI', 'OKE', 'LNG', 'AAL', 'DIS', 'NKE', 'ET', 'WFC', 'MO', 'CVS', 'AAPL', 'USB', 'ABBV', 'IP', 'INTC', 'CMCSA', 'WMT', 'MAR', 'QCOM', 'CNC', 'MS', 'CRM', 'AXP', 'CME', 'ABT', 'CSCO', 'FOX', 'HD', 'DE', 'POOL', 'MSFT', 'C', 'JPM', 'MA', 'PSA', 'BAC', 'NTRS', 'BMY', 'ICE', 'FE', 'GOOG', 'ADP', 'GS', 'FDX', 'VZ', 'T', 'DUK', 'EBAY', 'GM', 'GD', 'PG', 'MCD', 'COO', 'CMS', 'BSX']"
2019-08-18,"['TSLA', 'PCG', 'AAL', 'IT', 'DFS', 'CSCO', 'UPS', 'NTRS', 'PFE', 'AMD', 'LEA', 'CI', 'GE', 'KKR', 'CAT', 'WFC', 'PG', 'GOOG', 'IP', 'ET', 'UAL', 'WY', 'DE', 'NFLX', 'MSCI', 'LNG', 'BLK', 'BMY', 'MS', 'BAC', 'AMZN', 'C', 'TGT', 'AAPL', 'GM', 'CVX', 'RF', 'CNC', 'USB', 'IBM', 'DD', 'FDX', 'MAR', 'XOM', 'INTC', 'GS', 'FB', 'CRM', 'TSN', 'T', 'FE', 'GD', 'MO', 'NKE', 'ABBV', 'PSA', 'HD', 'CVS', 'CE', 'ABT', 'BSX', 'LUV', 'DIS', 'JPM', 'CME', 'UNH', 'WMT', 'ABC', 'JNJ', 'COO', 'ICE', 'MSFT', 'POOL', 'MCD', 'ADP', 'VZ', 'OKE', 'AXP', 'MA', 'CMS', 'GIS']"
2019-08-25,"['PCG', 'IT', 'TGT', 'AMD', 'GE', 'LEA', 'MSCI', 'CSCO', 'KKR', 'CRM', 'MS', 'NOW', 'DE', 'NTRS', 'AMZN', 'BAC', 'CNC', 'FB', 'FDX', 'NKE', 'WFC', 'INTC', 'IP', 'NFLX', 'UAL', 'GS', 'MGM', 'ET', 'COO', 'HON', 'GOOG', 'QCOM', 'KO', 'FOX', 'DD', 'AXP', 'TSN', 'WY', 'WMT', 'IBM', 'DIS', 'JPM', 'PNC', 'MAR', 'GD', 'RF', 'PM', 'CE', 'HD', 'F', 'ABC', 'LNG', 'MSFT', 'USB', 'AAPL', 'MA', 'CMCSA', 'TSLA', 'VZ', 'GM', 'SBUX', 'UPS', 'ABBV', 'EA', 'MO', 'ABT', 'CVS', 'POOL', 'PSA', 'PG', 'BMY', 'CME', 'GIS', 'MCD', 'BSX', 'T', 'CMS', 'KR', 'FE', 'ICE']"
2019-09-01,"['CAR', 'GE', 'TGT', 'LEA', 'AMD', 'RF', 'IP', 'BAC', 'PM', 'PFE', 'PNC', 'CAT', 'USB', 'DE', 'TSN', 'ORCL', 'MS', 'NFLX', 'UPS', 'NTRS', 'MO', 'JPM', 'IBM', 'FOX', 'WFC', 'GS', 'FB', 'AAL', 'TSLA', 'CSCO', 'GOOG', 'C', 'DAL', 'UNH', 'NKE', 'QCOM', 'CVS', 'BK', 'AMZN', 'CI', 'AAPL', 'ABT', 'CBOE', 'COO', 'DD', 'XOM', 'ABC', 'CME', 'GM', 'LNG', 'NDAQ', 'MAR', 'ET', 'BMY', 'ADP', 'DIS', 'MSFT', 'KR', 'CMCSA', 'MSCI', 'IT', 'MGM', 'AXP', 'SBUX', 'CRM', 'WMT', 'MA', 'BX', 'JNJ', 'NOW', 'MCD', 'BSX', 'CE', 'HD', 'KO', 'ICE', 'ABBV', 'LUV', 'FE', 'KKR', 'DUK', 'CMS', 'PSA', 'PG', 'OKE', 'F', 'VZ', 'GIS', 'T']"
2019-09-08,"['PCG', 'CSCO', 'TGT', 'AAL', 'AMD', 'GE', 'GM', 'HD', 'FOX', 'PM', 'F', 'LEA', 'TSLA', 'WFC', 'RF', 'LNG', 'UAL', 'ET', 'TSN', 'PNC', 'BAC', 'MAR', 'INTC', 'MS', 'COO', 'CVX', 'C', 'GOOG', 'CRM', 'WMT', 'FE', 'DIS', 'FB', 'NFLX', 'AMZN', 'MGM', 'DE', 'MSCI', 'BSX', 'CNC', 'NKE', 'GS', 'MO', 'GIS', 'JPM', 'CVS', 'AAPL', 'NTRS', 'KR', 'CME', 'ADP', 'JNJ', 'ICE', 'IP', 'EBAY', 'MSFT', 'PG', 'CMS', 'BMY', 'ABBV', 'DUK', 'USB', 'IBM', 'IT', 'VZ', 'MA', 'UPS']"
2019-09-15,"['PCG', 'TGT', 'CAR', 'GE', 'PG', 'HON', 'NTRS', 'LEA', 'INTC', 'FOX', 'PM', 'NKE', 'CNC', 'LUV', 'MA', 'POOL', 'ABC', 'C', 'CAT', 'IBM', 'KKR', 'TSLA', 'PNC', 'NFLX', 'EBAY', 'BSX', 'V', 'SBUX', 'MSCI', 'FB', 'RF', 'ABT', 'COO', 'MS', 'DAL', 'CI', 'AMD', 'FDX', 'GOOG', 'CME', 'GM', 'JPM', 'ORCL', 'NDAQ', 'MCD', 'DIS', 'DD', 'OKE', 'PSA', 'MO', 'BAC', 'HD', 'MSFT', 'NOW', 'GS', 'AMZN', 'GIS', 'IP', 'ICE', 'DE', 'TSN', 'LNG', 'F', 'CMCSA', 'CMS', 'XOM', 'BX', 'MAR', 'ET', 'IT', 'WY', 'MGM', 'GD', 'T', 'EA', 'KO', 'AAPL', 'USB', 'CRM', 'CSCO', 'VZ', 'WFC', 'BMY', 'CVS', 'SO', 'FE', 'ABBV', 'DUK']"
2019-09-22,"['LEA', 'FDX', 'CAT', 'NTRS', 'FB', 'RF', 'PCG', 'MS', 'GE', 'WFC', 'IP', 'BAC', 'KEY', 'FOX', 'MO', 'CE', 'CAR', 'UPS', 'HD', 'MAR', 'JPM', 'COO', 'NFLX', 'GS', 'ET', 'DAL', 'KR', 'PNC', 'DIS', 'C', 'IBM', 'GM', 'NKE', 'DE', 'AMD', 'OKE', 'DD', 'FE', 'LNG', 'AIG', 'BMY', 'TSN', 'ADP', 'AAPL', 'WY', 'WMT', 'GOOG', 'V', 'BX', 'CME', 'KKR', 'EBAY', 'SBUX', 'MSCI', 'CMCSA', 'CBOE', 'T', 'USB', 'XOM', 'KO', 'PG', 'PSA', 'CMS', 'AMZN', 'CRM', 'CNC', 'DUK', 'MSFT', 'MA', 'SO', 'ICE', 'CSCO', 'CI', 'HON', 'VZ', 'ORCL', 'GIS', 'CVS', 'MGM', 'NDAQ', 'ABC', 'IT', 'POOL', 'ABBV', 'JNJ']"
2019-09-29,"['PCG', 'PG', 'CAR', 'TSN', 'LNG', 'GE', 'KKR', 'COO', 'AIG', 'ET', 'BK', 'CNC', 'CRM', 'CI', 'AMD', 'MSCI', 'INTC', 'NFLX', 'CMCSA', 'GM', 'SBUX', 'ABC', 'AAL', 'BSX', 'EA', 'PM', 'NKE', 'T', 'FE', 'LEA', 'EBAY', 'FB', 'MAR', 'MGM', 'JPM', 'IT', 'CME', 'FDX', 'MA', 'CVX', 'UAL', 'OKE', 'AMZN', 'BAC', 'CE', 'PSA', 'PNC', 'POOL', 'TSLA', 'ADP', 'FOX', 'CVS', 'MO', 'ABBV', 'C', 'GD', 'DIS', 'RF', 'NTRS', 'ABT', 'ORCL', 'KR', 'IBM', 'HON', 'KEY', 'AAPL', 'WY', 'MS', 'LLY', 'GS', 'GOOG', 'MCD', 'LUV', 'HD', 'XOM', 'V', 'ICE', 'CMS', 'DD', 'MSFT', 'WFC', 'DAL', 'F', 'USB', 'BMY', 'VZ', 'IP', 'DE']"
2019-10-06,"['CAR', 'ADP', 'CME', 'FDX', 'BK', 'ET', 'NTRS', 'PG', 'POOL', 'MSCI', 'GM', 'IP', 'NOW', 'PCG', 'SBUX', 'LEA', 'MS', 'MAR', 'GE', 'BX', 'MA', 'KEY', 'WFC', 'OKE', 'BAC', 'GS', 'MCD', 'TSLA', 'PSA', 'LUV', 'MO', 'DAL', 'ABC', 'F', 'ICE', 'KKR', 'V', 'DD', 'FOX', 'JPM', 'C', 'JNJ', 'LNG', 'AMZN', 'DIS', 'NFLX', 'AIG', 'USB', 'MGM', 'GIS', 'CVS', 'FB', 'DFS', 'EBAY', 'T', 'MSFT', 'DE', 'ABBV', 'XOM', 'CMS', 'FE', 'KO', 'AAPL', 'AMD', 'NKE', 'HD', 'COO', 'IT', 'UPS', 'GOOG', 'INTC', 'ORCL', 'CMCSA', 'WMT', 'SO', 'CRM', 'IBM', 'VZ', 'DUK']"
2019-10-13,"['PCG', 'FDX', 'PG', 'LEA', 'AAL', 'NFLX', 'CAT', 'FOX', 'OKE', 'TSLA', 'ET', 'GM', 'IP', 'BSX', 'JNJ', 'MAR', 'PM', 'UAL', 'GS', 'NTRS', 'BX', 'DAL', 'MS', 'DIS', 'LUV', 'DD', 'MSCI', 'AMZN', 'GE', 'KKR', 'HD', 'FE', 'CSCO', 'EBAY', 'GD', 'LLY', 'NOW', 'KR', 'SBUX', 'MO', 'FB', 'C', 'RF', 'AAPL', 'BLK', 'TSN', 'QCOM', 'COO', 'ABC', 'GOOG', 'MGM', 'ABT', 'BAC', 'UPS', 'CVS', 'AMD', 'LNG', 'ORCL', 'USB', 'CMS', 'NKE', 'CNC', 'T', 'INTC', 'JPM', 'UNH', 'IBM', 'EA', 'HON', 'MA', 'CME', 'NDAQ', 'CMCSA', 'CRM', 'POOL', 'KO', 'BK', 'MCD', 'XOM', 'VZ', 'IT', 'ICE', 'WMT', 'MSFT', 'ABBV', 'TGT', 'DE', 'WFC', 'GIS', 'PSA', 'PNC']"
2019-10-20,"['PCG', 'CI', 'UNH', 'BSX', 'FB', 'KKR', 'CNC', 'ABC', 'LNG', 'BX', 'COO', 'GM', 'ET', 'CVS', 'DD', 'JNJ', 'LLY', 'MSCI', 'AMD', 'DAL', 'CVX', 'MGM', 'IBM', 'PM', 'AMZN', 'CRM', 'GE', 'MAR', 'CSCO', 'NFLX', 'F', 'CMCSA', 'EA', 'ORCL', 'NKE', 'TSN', 'UPS', 'AAL', 'AAPL', 'DIS', 'GOOG', 'GS', 'GD', 'FDX', 'BAC', 'INTC', 'WFC', 'MS', 'AIG', 'PG', 'IT', 'MA', 'XOM', 'TSLA', 'MSFT', 'PSA', 'FOX', 'BMY', 'SBUX', 'ABT', 'PFE', 'NTRS', 'T', 'HON', 'ABBV', 'KEY', 'ADP', 'USB', 'WY', 'VZ', 'LUV', 'HD', 'GIS', 'CAT', 'LEA', 'RF', 'UAL', 'PNC', 'WMT', 'IP', 'CMS', 'MO', 'C', 'CE', 'FE', 'DE', 'JPM', 'V', 'DUK', 'KO', 'AXP', 'CME', 'ICE']"
2019-10-27,"['PCG', 'TSLA', 'LEA', 'BX', 'KKR', 'GM', 'IP', 'DAL', 'MS', 'AAL', 'KR', 'POOL', 'CAR', 'GE', 'BLK', 'XOM', 'F', 'UAL', 'MCD', 'EBAY', 'UNH', 'NOW', 'ABC', 'GS', 'CME', 'PG', 'NTRS', 'BAC', 'ET', 'TSN', 'AXP', 'INTC', 'DD', 'WFC', 'FOX', 'T', 'LLY', 'AMD', 'COO', 'NKE', 'TGT', 'PSA', 'GD', 'LUV', 'FE', 'WY', 'GIS', 'RF', 'AAPL', 'CI', 'FB', 'MSCI', 'KEY', 'EA', 'VZ', 'OKE', 'CRM', 'HD', 'IBM', 'UPS', 'CVS', 'QCOM', 'CE', 'JNJ', 'ICE', 'MO', 'USB', 'GOOG', 'ORCL', 'NDAQ', 'DUK', 'SO', 'CNC', 'ABT', 'C', 'PM', 'V', 'JPM', 'AMZN', 'KO', 'WMT', 'NFLX', 'CMS', 'MSFT', 'MAR', 'CMCSA', 'DIS', 'DE', 'MA', 'ABBV', 'PNC', 'IT', 'MGM']"
2019-11-03,"['PCG', 'TSLA', 'GE', 'CAR', 'AAL', 'PG', 'LEA', 'CAT', 'MSCI', 'PSA', 'OKE', 'TSN', 'CNC', 'MO', 'AMD', 'MS', 'CME', 'AAPL', 'NTRS', 'FE', 'BAC', 'INTC', 'KR', 'DD', 'IP', 'NFLX', 'MCD', 'ET', 'JNJ', 'HD', 'ABC', 'BX', 'KKR', 'UPS', 'DUK', 'BMY', 'LUV', 'FB', 'CRM', 'ABT', 'GD', 'JPM', 'T', 'EBAY', 'QCOM', 'IBM', 'AMZN', 'LNG', 'ABBV', 'GM', 'TGT', 'IT', 'CBOE', 'MGM', 'WMT', 'CVX', 'CSCO', 'AIG', 'CMCSA', 'CVS', 'C', 'COO', 'V', 'GOOG', 'CMS', 'USB', 'WY', 'SBUX', 'DIS', 'RF', 'NKE', 'FOX', 'CE', 'XOM', 'DE', 'ICE', 'POOL', 'MSFT', 'PNC', 'AXP', 'GS', 'MA', 'WFC', 'MAR', 'F', 'VZ']"
2019-11-10,"['TSLA', 'NOW', 'PCG', 'PG', 'GE', 'CAR', 'UNH', 'CI', 'BX', 'IBM', 'CVS', 'ABC', 'LEA', 'PSA', 'QCOM', 'CNC', 'COO', 'MGM', 'MSCI', 'MS', 'CRM', 'AMD', 'CMS', 'BAC', 'GM', 'PFE', 'DUK', 'F', 'INTC', 'KKR', 'GOOG', 'FOX', 'CAT', 'KR', 'BMY', 'AIG', 'BSX', 'DAL', 'NTRS', 'NKE', 'ET', 'JNJ', 'GD', 'MO', 'WMT', 'MCD', 'ABBV', 'AXP', 'MA', 'IT', 'BLK', 'ICE', 'PM', 'JPM', 'AAPL', 'NFLX', 'KO', 'SBUX', 'CME', 'LUV', 'LNG', 'TSN', 'VZ', 'DD', 'CMCSA', 'KEY', 'XOM', 'C', 'AMZN', 'T', 'MSFT', 'GS', 'FE', 'WFC', 'CE', 'CVX', 'OKE', 'RF', 'IP', 'V', 'DE', 'HD', 'USB', 'HON', 'UPS', 'FB', 'MAR', 'EA', 'DIS', 'CSCO', 'LLY']"
2019-11-17,"['PCG', 'TSLA', 'GE', 'QCOM', 'AAL', 'TSN', 'CME', 'NTRS', 'CAT', 'INTC', 'MCD', 'NKE', 'BX', 'DD', 'LEA', 'IBM', 'PG', 'PSA', 'F', 'CSCO', 'ET', 'AMD', 'FE', 'GS', 'SBUX', 'MGM', 'AIG', 'T', 'IT', 'ABC', 'C', 'MO', 'BMY', 'GIS', 'KR', 'BAC', 'MSFT', 'TGT', 'BSX', 'CI', 'UPS', 'MS', 'KEY', 'ORCL', 'AAPL', 'UNH', 'LUV', 'GM', 'AMZN', 'ICE', 'IP', 'MSCI', 'DAL', 'DUK', 'WFC', 'GOOG', 'CMS', 'ABBV', 'RF', 'CRM', 'MAR', 'HD', 'VZ', 'JPM', 'USB', 'KO', 'DE', 'KKR', 'ABT', 'WY', 'NFLX', 'LNG', 'COO', 'CAR', 'WMT', 'DIS', 'EA', 'NDAQ', 'PFE', 'FB', 'MA', 'PM']"
2019-11-24,"['PCG', 'GE', 'TSLA', 'GM', 'MSCI', 'QCOM', 'ABBV', 'PSA', 'UPS', 'ET', 'TGT', 'CNC', 'MO', 'HD', 'AMD', 'T', 'IT', 'FB', 'BMY', 'LEA', 'CVS', 'NFLX', 'FE', 'AAPL', 'PFE', 'DUK', 'CI', 'DD', 'NOW', 'KKR', 'GOOG', 'ADP', 'LNG', 'COO', 'POOL', 'MS', 'UNH', 'LLY', 'MSFT', 'CSCO', 'PNC', 'MGM', 'AIG', 'BLK', 'IP', 'DIS', 'CMCSA', 'CRM', 'KR', 'XOM', 'CE', 'WMT', 'PG', 'ABC', 'CMS', 'USB', 'RF', 'DE', 'BAC', 'MAR', 'F', 'C', 'INTC', 'ICE', 'DFS', 'MA', 'JPM', 'AMZN', 'NTRS', 'VZ', 'V', 'BSX', 'AXP', 'IBM', 'CME', 'GS', 'NDAQ', 'JNJ', 'EA', 'WFC', 'CBOE', 'KEY']"
2019-12-01,"['PG', 'TGT', 'PCG', 'GE', 'KR', 'DUK', 'ET', 'GOOG', 'GS', 'CI', 'PSA', 'TSLA', 'UPS', 'AMZN', 'LNG', 'ABC', 'GM', 'HD', 'WFC', 'DD', 'CSCO', 'DIS', 'AMD', 'MO', 'FB', 'MS', 'DE', 'NTRS', 'MA', 'CME', 'ICE', 'IP', 'MAR', 'PFE', 'ABT', 'GD', 'AAPL', 'BSX', 'COO', 'T', 'NFLX', 'SBUX', 'ABBV', 'XOM', 'WMT', 'IT', 'DAL', 'RF', 'MSCI', 'IBM', 'USB', 'MSFT', 'EBAY', 'NKE', 'BMY', 'JNJ', 'CRM', 'PM']"
2019-12-08,"['PCG', 'NOW', 'AAL', 'LEA', 'ET', 'TGT', 'QCOM', 'CSCO', 'MS', 'DD', 'GM', 'ADP', 'IBM', 'DE', 'DIS', 'UAL', 'NFLX', 'AMZN', 'HD', 'TSLA', 'COO', 'FOX', 'CAR', 'FDX', 'XOM', 'AIG', 'T', 'MSCI', 'DAL', 'PG', 'RF', 'AAPL', 'BX', 'GOOG', 'LUV', 'CRM', 'SO', 'MA', 'UNH', 'INTC', 'HON', 'ABBV', 'POOL', 'CNC', 'OKE', 'CME', 'C', 'UPS', 'MO', 'GE', 'BMY', 'BSX', 'PSA', 'AMD', 'LNG', 'WFC', 'FB', 'GS', 'ICE', 'NKE', 'GIS', 'CVS', 'EBAY', 'VZ', 'IT', 'MCD', 'JPM', 'WMT', 'PM', 'CI', 'MSFT', 'KKR', 'AXP', 'ABT', 'CMS', 'MAR', 'NTRS', 'BAC', 'KO', 'USB', 'ABC', 'KR', 'EA', 'IP']"
2019-12-15,"['PCG', 'PG', 'TSLA', 'HD', 'CAR', 'TGT', 'CNC', 'TSN', 'T', 'FB', 'NOW', 'MSCI', 'IP', 'IT', 'BMY', 'ET', 'CI', 'GM', 'PSA', 'NFLX', 'FE', 'GD', 'GOOG', 'CSCO', 'UPS', 'ABBV', 'FDX', 'LUV', 'ABC', 'FOX', 'AAL', 'PM', 'AMZN', 'CVS', 'DD', 'DUK', 'KKR', 'DE', 'BAC', 'RF', 'POOL', 'CVX', 'CAT', 'GIS', 'ORCL', 'USB', 'AAPL', 'ABT', 'ADP', 'EBAY', 'AMD', 'BLK', 'MSFT', 'UNH', 'MO', 'KO', 'LLY', 'MGM', 'DAL', 'CRM', 'CE', 'MCD', 'INTC', 'CME', 'ICE', 'CMS', 'AXP', 'CMCSA', 'LNG', 'WY', 'XOM', 'JNJ', 'GE', 'PFE', 'EA', 'WMT', 'KEY', 'WFC', 'MAR', 'NDAQ', 'DIS', 'NKE', 'JPM', 'PNC', 'C', 'COO', 'BSX', 'KR', 'OKE', 'MA', 'V', 'DFS', 'MS', 'NTRS', 'VZ', 'IBM', 'F', 'GS']"
2019-12-22,"['PCG', 'PG', 'NFLX', 'TSLA', 'FDX', 'LLY', 'LEA', 'FB', 'ABC', 'BMY', 'GE', 'DE', 'LUV', 'CI', 'FE', 'IT', 'CSCO', 'TSN', 'GM', 'BX', 'AMD', 'AMZN', 'HD', 'DAL', 'XOM', 'CMS', 'TGT', 'AAL', 'DD', 'GOOG', 'CME', 'PSA', 'CMCSA', 'MSCI', 'UPS', 'NOW', 'AAPL', 'BSX', 'GD', 'GIS', 'PNC', 'JNJ', 'MAR', 'F', 'ET', 'HON', 'T', 'NTRS', 'BLK', 'FOX', 'IP', 'MSFT', 'C', 'CVX', 'PFE', 'JPM', 'ICE', 'MCD', 'NKE', 'BAC', 'CE', 'GS', 'MA', 'COO', 'CAT', 'VZ', 'CRM', 'RF', 'EA', 'KO', 'WFC', 'USB', 'MGM', 'WMT', 'ABBV', 'LNG', 'DIS', 'MO', 'MS', 'ABT', 'WY', 'DFS', 'IBM', 'INTC', 'AXP', 'UNH']"
2019-12-29,"['TSLA', 'NFLX', 'AMZN', 'AMD', 'ET', 'BMY', 'DIS', 'NKE', 'PFE', 'MSCI', 'AAPL', 'UPS', 'COO', 'KKR', 'CRM', 'CME', 'TGT', 'IBM', 'VZ', 'MSFT', 'MS', 'GOOG', 'F', 'MAR', 'KR', 'WMT', 'GM', 'GE', 'BX', 'ICE', 'JPM', 'FB', 'BAC', 'JNJ', 'WFC', 'CVX', 'CMCSA', 'MA']"
2020-01-05,"['TSLA', 'AMD', 'NFLX', 'GE', 'MSCI', 'BMY', 'FB', 'FDX', 'ET', 'LUV', 'CVS', 'TGT', 'PG', 'AMZN', 'SBUX', 'KR', 'USB', 'COO', 'MSFT', 'GM', 'CRM', 'BAC', 'AAPL', 'FE', 'WFC', 'CVX', 'NKE', 'EBAY', 'KO', 'DIS', 'WMT', 'JPM', 'VZ', 'GOOG', 'MS', 'IT', 'F', 'IBM', 'MCD', 'UPS', 'XOM', 'PFE', 'MO', 'GS', 'ABBV', 'ICE', 'CME']"
2020-01-12,"['TSLA', 'FB', 'AMD', 'NFLX', 'GE', 'CNC', 'AAL', 'LEA', 'MAR', 'AMZN', 'DD', 'CAR', 'LLY', 'CRM', 'USB', 'GIS', 'GM', 'IP', 'RF', 'POOL', 'CE', 'AAPL', 'TSN', 'CSCO', 'NTRS', 'ET', 'GOOG', 'IT', 'F', 'PSA', 'CVS', 'OKE', 'INTC', 'MGM', 'EBAY', 'MSFT', 'MSCI', 'WMT', 'KEY', 'CMS', 'UNH', 'ADP', 'WFC', 'BX', 'AIG', 'WY', 'MO', 'KR', 'VZ', 'DAL', 'EA', 'PG', 'KKR', 'XOM', 'DIS', 'BSX', 'QCOM', 'UPS', 'ABC', 'JPM', 'HD', 'GS', 'COO', 'MCD', 'PFE', 'C', 'PNC', 'FE', 'BAC', 'NKE', 'MA', 'IBM', 'ABT', 'SBUX', 'CME', 'T', 'ABBV', 'BMY', 'LUV', 'DE', 'ICE', 'MS', 'FOX']"
2020-01-19,"['PCG', 'TSLA', 'BK', 'TGT', 'GM', 'WFC', 'AAPL', 'LEA', 'NKE', 'VZ', 'ABT', 'FOX', 'MS', 'AMZN', 'BLK', 'USB', 'CVS', 'UAL', 'QCOM', 'SO', 'CNC', 'KEY', 'MAR', 'DD', 'CVX', 'AMD', 'CAT', 'WMT', 'LNG', 'MGM', 'MSFT', 'EA', 'ADP', 'NFLX', 'PNC', 'MSCI', 'FE', 'C', 'GIS', 'CMS', 'RF', 'BSX', 'JPM', 'PM', 'INTC', 'BMY', 'UPS', 'GOOG', 'KO', 'HD', 'COO', 'BX', 'FB', 'BAC', 'LUV', 'ABC', 'KKR', 'PFE', 'NTRS', 'MA', 'CBOE', 'PSA', 'GE', 'DIS', 'DE', 'GS', 'ET', 'HON', 'XOM', 'CMCSA', 'ABBV', 'WY', 'CME', 'FDX', 'JNJ', 'MO', 'DAL', 'IT', 'IBM', 'OKE', 'AIG', 'LLY', 'POOL', 'MCD', 'CI', 'T', 'ICE', 'UNH']"
2020-01-26,"['PCG', 'TSLA', 'INTC', 'DFS', 'QCOM', 'MAR', 'ET', 'LNG', 'FOX', 'MS', 'UAL', 'NTRS', 'COO', 'MGM', 'TGT', 'IP', 'WFC', 'DAL', 'BMY', 'CMCSA', 'GOOG', 'CVS', 'ABC', 'LEA', 'AAL', 'GS', 'RF', 'AAPL', 'AMZN', 'FE', 'CNC', 'DD', 'FB', 'AMD', 'GIS', 'ABBV', 'BK', 'PM', 'KKR', 'PG', 'MSFT', 'USB', 'UPS', 'TSN', 'WY', 'CI', 'GM', 'DIS', 'GE', 'HD', 'BAC', 'BLK', 'VZ', 'MA', 'CAT', 'CRM', 'JPM', 'CVX', 'FDX', 'CSCO', 'WMT', 'C', 'SBUX', 'V', 'OKE', 'DE', 'KR', 'MO', 'EA', 'EBAY', 'BX', 'MCD', 'NKE', 'JNJ', 'LLY', 'T', 'ABT', 'ICE', 'IT', 'CMS', 'LUV', 'MSCI', 'NFLX', 'PSA', 'KO', 'AXP', 'CME', 'IBM']"
2020-02-02,"['PCG', 'TSLA', 'DD', 'INTC', 'UPS', 'UAL', 'CE', 'XOM', 'CAT', 'LEA', 'DE', 'CVX', 'AMD', 'IP', 'CBOE', 'FB', 'WFC', 'CVS', 'CSCO', 'EBAY', 'NOW', 'COO', 'GM', 'BX', 'NKE', 'ABT', 'GOOG', 'SBUX', 'DFS', 'AMZN', 'ABC', 'AAPL', 'GE', 'KR', 'TGT', 'ET', 'NFLX', 'LUV', 'EA', 'MAR', 'MO', 'ABBV', 'AXP', 'NTRS', 'C', 'AAL', 'MS', 'DAL', 'RF', 'GD', 'HD', 'MGM', 'PM', 'MA', 'FDX', 'V', 'TSN', 'BAC', 'DIS', 'FE', 'JPM', 'PFE', 'USB', 'BMY', 'CRM', 'GS', 'CMCSA', 'KKR', 'MSFT', 'MSCI', 'HON', 'VZ', 'WMT', 'BLK', 'CMS', 'MCD', 'T', 'LLY', 'POOL', 'CME', 'OKE', 'NDAQ', 'JNJ', 'IT', 'ICE', 'DUK', 'IBM', 'FOX', 'PG', 'KO']"
2020-02-09,"['PCG', 'TSLA', 'TGT', 'WFC', 'MS', 'AMD', 'WY', 'DD', 'LNG', 'IP', 'F', 'MSFT', 'CMCSA', 'ABBV', 'QCOM', 'IT', 'ABC', 'DAL', 'TSN', 'XOM', 'UPS', 'PG', 'USB', 'CVS', 'UNH', 'MAR', 'ICE', 'FB', 'NTRS', 'ADP', 'ET', 'FOX', 'LEA', 'DE', 'DFS', 'PM', 'CE', 'BSX', 'MO', 'NFLX', 'AAPL', 'CVX', 'MGM', 'MSCI', 'BAC', 'COO', 'SBUX', 'PFE', 'CMS', 'BMY', 'BLK', 'GD', 'C', 'LUV', 'JPM', 'EBAY', 'FE', 'NKE', 'GOOG', 'RF', 'MA', 'GS', 'AAL', 'GM', 'EA', 'AMZN', 'MCD', 'IBM', 'CRM', 'CNC', 'NDAQ', 'BX', 'HD', 'HON', 'CME', 'GE', 'T', 'KKR', 'KO', 'ABT', 'DIS', 'JNJ', 'POOL', 'PSA', 'VZ']"
2020-02-16,"['TSLA', 'AMD', 'DFS', 'AIG', 'LNG', 'ET', 'MGM', 'LEA', 'DD', 'INTC', 'ABBV', 'AMZN', 'QCOM', 'NTRS', 'XOM', 'IBM', 'CVX', 'MAR', 'DAL', 'GM', 'FB', 'SBUX', 'MS', 'MSFT', 'GS', 'PFE', 'CVS', 'RF', 'F', 'CE', 'CI', 'JPM', 'NKE', 'BSX', 'BAC', 'BMY', 'TSN', 'AXP', 'IP', 'NOW', 'CSCO', 'WFC', 'MO', 'WY', 'UPS', 'MSCI', 'ABC', 'GE', 'NFLX', 'USB', 'ICE', 'KKR', 'PM', 'DIS', 'LLY', 'AAPL', 'C', 'FE', 'IT', 'PNC', 'GOOG', 'HD', 'DUK', 'EBAY', 'DE', 'ABT', 'V', 'KEY', 'ORCL', 'MCD', 'GIS', 'TGT', 'ADP', 'KR', 'VZ', 'COO', 'BX', 'WMT', 'CRM', 'GD', 'JNJ', 'CBOE', 'BLK', 'CME', 'POOL', 'KO', 'T', 'CMS', 'LUV', 'MA']"
2020-02-23,"['TSLA', 'CE', 'AMD', 'UPS', 'INTC', 'CI', 'EBAY', 'GE', 'AMZN', 'UNH', 'PG', 'FB', 'LEA', 'GD', 'C', 'AAPL', 'NOW', 'MSCI', 'PCG', 'DE', 'LUV', 'IP', 'MSFT', 'DAL', 'ABBV', 'KR', 'CNC', 'ABC', 'QCOM', 'XOM', 'MO', 'MS', 'ET', 'CSCO', 'TSN', 'LNG', 'TGT', 'GOOG', 'NFLX', 'NTRS', 'ABT', 'MA', 'FOX', 'IBM', 'GS', 'BX', 'ADP', 'GM', 'CME', 'EA', 'CMCSA', 'GIS', 'BSX', 'HD', 'DIS', 'BAC', 'CBOE', 'T', 'RF', 'ICE', 'VZ', 'COO', 'USB', 'MCD', 'FE', 'JPM', 'DUK', 'LLY', 'IT', 'MGM', 'WFC', 'MAR', 'CRM', 'JNJ', 'WMT', 'CMS']"
2020-03-01,"['CAR', 'TSLA', 'AAL', 'IT', 'F', 'MGM', 'WY', 'PCG', 'DAL', 'CI', 'C', 'PNC', 'CNC', 'AXP', 'IP', 'LUV', 'ABC', 'BLK', 'KEY', 'AMD', 'DD', 'CVS', 'RF', 'TSN', 'UNH', 'UAL', 'USB', 'DFS', 'MO', 'ABBV', 'BAC', 'IBM', 'EBAY', 'AAPL', 'CMS', 'DE', 'FE', 'AIG', 'CE', 'HD', 'XOM', 'JPM', 'UPS', 'MS', 'CVX', 'ET', 'GM', 'DIS', 'FOX', 'INTC', 'KKR', 'NTRS', 'COO', 'WFC', 'OKE', 'BX', 'BSX', 'CMCSA', 'CSCO', 'TGT', 'GS', 'ICE', 'ABT', 'MCD', 'PM', 'BMY', 'MAR', 'GE', 'MA', 'MSFT', 'V', 'PFE', 'PG', 'CRM', 'HON', 'ORCL', 'CAT', 'VZ', 'JNJ', 'GOOG', 'AMZN', 'SBUX', 'NFLX', 'LNG', 'KO', 'NKE', 'FB', 'GIS', 'T', 'WMT', 'CME', 'PSA', 'EA', 'MSCI', 'NOW']"
2020-03-08,"['AAL', 'CAR', 'MGM', 'UAL', 'GE', 'PNC', 'ET', 'BAC', 'MAR', 'MS', 'OKE', 'NTRS', 'C', 'AMD', 'PCG', 'KKR', 'WFC', 'FOX', 'XOM', 'USB', 'AXP', 'LLY', 'LNG', 'JPM', 'GM', 'CI', 'LEA', 'DD', 'BK', 'LUV', 'TSN', 'MSCI', 'IT', 'DAL', 'RF', 'SBUX', 'CVX', 'KR', 'GS', 'PFE', 'SO', 'CNC', 'DIS', 'INTC', 'CMS', 'CRM', 'MA', 'V', 'GOOG', 'NKE', 'GIS', 'FB', 'MO', 'UNH', 'GD', 'HD', 'VZ', 'ABT', 'AAPL', 'TSLA', 'CVS', 'IBM', 'IP', 'ADP', 'MSFT', 'FE', 'PG', 'CAT', 'NOW', 'ICE', 'WMT', 'BMY', 'CSCO', 'AMZN', 'PM', 'CBOE', 'EBAY', 'EA', 'BSX', 'DE', 'CME', 'ABC', 'MCD', 'COO', 'UPS', 'T', 'NFLX', 'JNJ', 'KO', 'ABBV']"
2020-03-15,"['OKE', 'ET', 'MGM', 'PCG', 'UAL', 'AIG', 'TSLA', 'FDX', 'RF', 'TSN', 'KEY', 'AAL', 'LNG', 'XOM', 'MAR', 'C', 'WFC', 'F', 'GM', 'DAL', 'USB', 'GE', 'IT', 'CAT', 'NKE', 'BSX', 'IBM', 'AXP', 'CVX', 'CE', 'BAC', 'SO', 'MS', 'DIS', 'MCD', 'KO', 'DD', 'NTRS', 'DUK', 'BX', 'DE', 'CRM', 'FOX', 'GS', 'JPM', 'NDAQ', 'COO', 'IP', 'MA', 'CME', 'LUV', 'FB', 'CI', 'HON', 'BMY', 'CSCO', 'INTC', 'AMD', 'TGT', 'ICE', 'KKR', 'HD', 'AMZN', 'SBUX', 'NFLX', 'CVS', 'EA', 'GOOG', 'AAPL', 'MSCI', 'MSFT', 'QCOM', 'V', 'PM', 'T', 'CNC', 'EBAY', 'PSA', 'CMS', 'KR', 'PFE', 'PG', 'CMCSA', 'ABC', 'MO', 'ORCL', 'JNJ', 'ABBV', 'VZ', 'UNH', 'UPS', 'ABT', 'WMT', 'GIS', 'LLY']"
2020-03-22,"['CAR', 'DFS', 'MGM', 'OKE', 'DAL', 'UAL', 'AAL', 'AIG', 'WY', 'TSLA', 'ET', 'PCG', 'KEY', 'CVX', 'LUV', 'C', 'CI', 'KKR', 'IT', 'KO', 'MA', 'HD', 'BX', 'GM', 'BAC', 'FOX', 'RF', 'PNC', 'CMS', 'MS', 'MAR', 'BLK', 'JPM', 'F', 'DIS', 'INTC', 'GS', 'DUK', 'DE', 'FE', 'ABT', 'NTRS', 'GE', 'EBAY', 'LLY', 'CMCSA', 'WFC', 'XOM', 'CVS', 'USB', 'LEA', 'MO', 'ABBV', 'BK', 'AAPL', 'ABC', 'BSX', 'SBUX', 'AMD', 'IP', 'T', 'MCD', 'CBOE', 'GOOG', 'IBM', 'PG', 'PSA', 'TSN', 'FDX', 'BMY', 'NKE', 'MSFT', 'COO', 'FB', 'JNJ', 'CSCO', 'AMZN', 'PFE', 'CRM', 'TGT', 'MSCI', 'UPS', 'CME', 'NOW', 'EA', 'ICE', 'ORCL', 'GIS', 'WMT', 'LNG', 'KR', 'VZ', 'NFLX']"
2020-03-29,"['CAR', 'OKE', 'AAL', 'MGM', 'UAL', 'ET', 'DFS', 'AIG', 'GE', 'PCG', 'IT', 'WY', 'NTRS', 'DAL', 'LEA', 'F', 'WFC', 'MS', 'PNC', 'MAR', 'LNG', 'BAC', 'XOM', 'USB', 'UNH', 'GM', 'CMS', 'HD', 'BLK', 'FDX', 'PSA', 'NKE', 'FOX', 'RF', 'C', 'CVX', 'CME', 'JPM', 'SBUX', 'AXP', 'MSCI', 'KR', 'DE', 'GS', 'DUK', 'DIS', 'FB', 'MA', 'CI', 'IBM', 'AMD', 'GD', 'BX', 'CE', 'COO', 'LLY', 'DD', 'LUV', 'T', 'ORCL', 'TSLA', 'JNJ', 'ABBV', 'GOOG', 'PM', 'MCD', 'GIS', 'INTC', 'KO', 'BSX', 'CVS', 'ICE', 'NOW', 'ABT', 'MSFT', 'CSCO', 'IP', 'ADP', 'PFE', 'PG', 'CRM', 'CMCSA', 'NFLX', 'WMT', 'MO', 'V', 'BMY', 'VZ', 'AAPL', 'TGT', 'FE', 'ABC', 'AMZN', 'UPS']"
2020-04-05,"['OKE', 'ET', 'PCG', 'UAL', 'AAL', 'RF', 'DAL', 'MAR', 'MGM', 'KEY', 'TSLA', 'FDX', 'C', 'WFC', 'XOM', 'F', 'WY', 'GE', 'GM', 'CAT', 'LNG', 'CBOE', 'LUV', 'NKE', 'USB', 'AXP', 'IT', 'CME', 'CE', 'LEA', 'BSX', 'CVX', 'DUK', 'IBM', 'EA', 'AMD', 'PNC', 'CRM', 'DIS', 'NOW', 'FOX', 'BMY', 'BK', 'ICE', 'MCD', 'KO', 'FE', 'MS', 'GS', 'COO', 'PFE', 'HD', 'CI', 'BAC', 'BLK', 'T', 'HON', 'NFLX', 'CMS', 'KR', 'MA', 'CVS', 'DD', 'CNC', 'GIS', 'UNH', 'GOOG', 'MO', 'AAPL', 'PG', 'JPM', 'WMT', 'V', 'JNJ', 'FB', 'ABBV', 'AMZN', 'TGT', 'CMCSA', 'IP', 'VZ', 'PSA', 'CSCO', 'QCOM', 'MSFT', 'ABC', 'UPS', 'MSCI', 'INTC', 'ABT', 'LLY', 'NTRS', 'ORCL']"
2020-04-12,"['DFS', 'UAL', 'MGM', 'DAL', 'PCG', 'MAR', 'AAL', 'KEY', 'GM', 'AXP', 'C', 'RF', 'LEA', 'HD', 'KKR', 'F', 'CNC', 'GS', 'LUV', 'UNH', 'FOX', 'MS', 'JPM', 'BAC', 'IT', 'TSLA', 'ADP', 'MA', 'ET', 'CMS', 'WFC', 'BX', 'DD', 'PNC', 'PSA', 'USB', 'NDAQ', 'SBUX', 'ABT', 'T', 'V', 'SO', 'ABBV', 'FE', 'BK', 'BSX', 'BLK', 'INTC', 'AAPL', 'MCD', 'DIS', 'IP', 'GE', 'MSCI', 'MO', 'CMCSA', 'COO', 'IBM', 'BMY', 'CME', 'FB', 'PFE', 'MSFT', 'NKE', 'LLY', 'EA', 'LNG', 'GOOG', 'ICE', 'JNJ', 'CRM', 'ABC', 'AMD', 'CVS', 'TGT', 'TSN', 'CSCO', 'FDX', 'VZ', 'AMZN', 'UPS', 'NFLX', 'KR', 'WMT', 'GIS']"
2020-04-19,"['CAR', 'UAL', 'AAL', 'TSLA', 'DAL', 'MS', 'GS', 'WFC', 'AXP', 'IT', 'ET', 'CNC', 'GM', 'DE', 'CAT', 'FE', 'CE', 'LUV', 'OKE', 'JPM', 'MA', 'DD', 'XOM', 'BAC', 'F', 'HD', 'CVX', 'NKE', 'BX', 'BK', 'MSCI', 'PSA', 'DUK', 'C', 'AMZN', 'KO', 'AMD', 'IBM', 'GE', 'SBUX', 'UNH', 'CMS', 'KR', 'INTC', 'BMY', 'MCD', 'ABT', 'DIS', 'IP', 'MSFT', 'V', 'MO', 'NFLX', 'LNG', 'EBAY', 'ICE', 'AAPL', 'CME', 'EA', 'PFE', 'WMT', 'LLY', 'CSCO', 'FB', 'TSN', 'PG', 'NOW', 'JNJ', 'COO', 'GIS', 'CMCSA', 'CRM', 'GOOG', 'TGT', 'CVS', 'ABBV', 'FDX', 'MAR', 'ABC', 'T', 'UPS', 'VZ']"
2020-04-26,"['AAL', 'UAL', 'CAR', 'MAR', 'DFS', 'PCG', 'DAL', 'F', 'KEY', 'TSLA', 'AIG', 'GM', 'MGM', 'AXP', 'RF', 'WY', 'C', 'AMD', 'LUV', 'IT', 'WFC', 'OKE', 'GS', 'NOW', 'GE', 'BX', 'UNH', 'BAC', 'CRM', 'LNG', 'JPM', 'CMS', 'ABT', 'HD', 'SBUX', 'T', 'BSX', 'CVX', 'TGT', 'TSN', 'UPS', 'FE', 'KKR', 'DD', 'AMZN', 'CE', 'WMT', 'COO', 'MSFT', 'NDAQ', 'NKE', 'CVS', 'DIS', 'EA', 'AAPL', 'JNJ', 'PFE', 'BLK', 'NFLX', 'MCD', 'GOOG', 'ET', 'XOM', 'CBOE', 'MS', 'IP', 'POOL', 'BK', 'LLY', 'BMY', 'PG', 'INTC', 'FB', 'MA', 'CAT', 'KO', 'MSCI', 'GIS', 'KR', 'ABBV', 'ADP', 'IBM', 'MO', 'VZ', 'ICE', 'HON', 'CMCSA', 'CME', 'ABC', 'NTRS', 'PSA', 'CSCO', 'DE']"
2020-05-03,"['PCG', 'WY', 'TSLA', 'CAR', 'GM', 'UAL', 'MGM', 'MAR', 'AMD', 'AAL', 'DFS', 'CNC', 'RF', 'WFC', 'OKE', 'KEY', 'LUV', 'F', 'GS', 'AXP', 'AIG', 'DD', 'LNG', 'CE', 'AMZN', 'SO', 'C', 'PNC', 'BAC', 'DUK', 'JPM', 'FE', 'UNH', 'MSCI', 'MS', 'AAPL', 'SBUX', 'IP', 'USB', 'BSX', 'FB', 'GD', 'EBAY', 'ET', 'CMS', 'FOX', 'ABT', 'GOOG', 'NFLX', 'IT', 'LLY', 'NTRS', 'MCD', 'UPS', 'TSN', 'NOW', 'CAT', 'KO', 'MA', 'IBM', 'CVX', 'V', 'CME', 'EA', 'KKR', 'HON', 'JNJ', 'CMCSA', 'T', 'MSFT', 'QCOM', 'CVS', 'NDAQ', 'NKE', 'GE', 'PSA', 'INTC', 'HD', 'DAL', 'MO', 'ABBV', 'BLK', 'DIS', 'XOM', 'BMY', 'COO', 'CSCO', 'ABC', 'DE', 'ADP', 'WMT', 'PFE', 'CI', 'KR', 'CBOE', 'ICE', 'VZ', 'GIS', 'PM', 'PG']"
2020-05-10,"['DFS', 'LUV', 'AIG', 'RF', 'TSLA', 'WFC', 'GM', 'PCG', 'CAR', 'ET', 'KEY', 'UAL', 'AMD', 'AAL', 'DD', 'AMZN', 'F', 'CE', 'AXP', 'CRM', 'MS', 'NFLX', 'IP', 'ABT', 'KKR', 'JPM', 'PG', 'NOW', 'GD', 'AAPL', 'WMT', 'BAC', 'USB', 'LEA', 'COO', 'MSFT', 'DAL', 'OKE', 'CNC', 'LNG', 'DE', 'NTRS', 'PSA', 'GE', 'TGT', 'EBAY', 'GOOG', 'ADP', 'CMS', 'EA', 'SBUX', 'BSX', 'C', 'NKE', 'MGM', 'FE', 'CI', 'HON', 'MO', 'INTC', 'UPS', 'FB', 'GS', 'CVS', 'QCOM', 'ABBV', 'CME', 'DUK', 'PM', 'CSCO', 'MA', 'XOM', 'MSCI', 'PFE', 'DIS', 'GIS', 'IT', 'ICE', 'LLY', 'KO', 'CMCSA', 'CVX', 'HD', 'VZ', 'TSN', 'FOX', 'BK', 'BX', 'KR', 'MAR', 'MCD', 'FDX', 'BMY', 'ABC', 'IBM']"
2020-05-17,"['UAL', 'CAR', 'DAL', 'AAL', 'GE', 'C', 'WY', 'ET', 'DFS', 'BAC', 'AIG', 'LUV', 'DD', 'IP', 'NOW', 'AXP', 'IT', 'PCG', 'FE', 'KO', 'F', 'MAR', 'USB', 'JPM', 'CRM', 'RF', 'BK', 'WFC', 'BSX', 'PSA', 'FB', 'TSLA', 'GM', 'KKR', 'COO', 'T', 'TGT', 'DIS', 'FOX', 'CE', 'TSN', 'GS', 'ADP', 'CMS', 'NTRS', 'PM', 'GD', 'HON', 'IBM', 'ABBV', 'OKE', 'CNC', 'DUK', 'WMT', 'DE', 'CVX', 'LNG', 'UPS', 'POOL', 'CAT', 'CME', 'QCOM', 'V', 'AAPL', 'XOM', 'PNC', 'PG', 'ABT', 'MS', 'CI', 'VZ', 'NKE', 'AMZN', 'LLY', 'MCD', 'INTC', 'MO', 'GOOG', 'MA', 'CMCSA', 'MSFT', 'MSCI', 'NFLX', 'EBAY', 'AMD', 'JNJ', 'HD', 'ABC', 'ICE', 'KR', 'BMY', 'CVS', 'BLK', 'CSCO', 'GIS', 'UNH', 'EA', 'PFE']"
2020-05-24,"['CAR', 'UAL', 'LUV', 'AMD', 'WY', 'UPS', 'GM', 'MAR', 'CNC', 'GE', 'LLY', 'FDX', 'COO', 'MGM', 'CE', 'DAL', 'F', 'DFS', 'DE', 'ET', 'IP', 'RF', 'OKE', 'NFLX', 'KKR', 'PNC', 'AMZN', 'PCG', 'NOW', 'TSLA', 'JNJ', 'DIS', 'FB', 'NTRS', 'BMY', 'C', 'CBOE', 'LNG', 'CVS', 'DUK', 'INTC', 'FE', 'CSCO', 'CME', 'MS', 'NKE', 'CMS', 'CMCSA', 'WMT', 'USB', 'ABC', 'AXP', 'DD', 'AAL', 'SBUX', 'GIS', 'WFC', 'XOM', 'TGT', 'BAC', 'ABT', 'JPM', 'PM', 'MO', 'KR', 'MSCI', 'GOOG', 'HD', 'GD', 'GS', 'QCOM', 'T', 'BSX', 'AAPL', 'MA', 'ADP', 'IT', 'VZ', 'BX', 'PG', 'ABBV', 'MCD', 'EA', 'BLK', 'CRM', 'IBM', 'MSFT', 'ICE', 'POOL', 'PFE', 'EBAY', 'CVX', 'CI', 'KO', 'NDAQ']"
2020-05-31,"['CAR', 'DFS', 'WFC', 'RF', 'DAL', 'OKE', 'LUV', 'GM', 'FB', 'UAL', 'AAL', 'TSLA', 'PNC', 'COO', 'BSX', 'CRM', 'GS', 'USB', 'FOX', 'AAPL', 'TGT', 'AXP', 'JPM', 'KKR', 'CVX', 'MS', 'XOM', 'NTRS', 'BAC', 'AMD', 'CVS', 'PM', 'MGM', 'DIS', 'C', 'IP', 'ET', 'IT', 'GIS', 'GD', 'MO', 'INTC', 'NKE', 'PG', 'DD', 'MSCI', 'MAR', 'CME', 'BX', 'KR', 'ICE', 'MSFT', 'MCD', 'JNJ', 'NFLX', 'VZ', 'GE', 'LNG', 'UNH', 'SBUX', 'GOOG', 'AMZN', 'PFE', 'ABT', 'BK', 'CSCO', 'UPS', 'MA', 'HD', 'CMCSA', 'BLK', 'IBM', 'EA', 'ABC', 'BMY', 'DE', 'CMS', 'LLY', 'T', 'WMT', 'NDAQ', 'KO']"
2020-06-07,"['AAL', 'CAR', 'UAL', 'DAL', 'LUV', 'KEY', 'GE', 'MGM', 'DFS', 'F', 'USB', 'FDX', 'RF', 'C', 'OKE', 'BK', 'BAC', 'CE', 'DE', 'WFC', 'AXP', 'GM', 'MAR', 'IP', 'IT', 'JPM', 'GS', 'MS', 'PSA', 'XOM', 'LNG', 'KKR', 'ADP', 'BSX', 'ET', 'NTRS', 'KO', 'PM', 'DD', 'GD', 'CVX', 'CAT', 'ABT', 'ABBV', 'SBUX', 'CBOE', 'MCD', 'NKE', 'UPS', 'CMCSA', 'FE', 'T', 'PG', 'IBM', 'BMY', 'MO', 'VZ', 'FB', 'CSCO', 'COO', 'TSN', 'BLK', 'ABC', 'TSLA', 'GIS', 'KR', 'AMZN', 'DIS', 'PFE', 'NFLX', 'NDAQ', 'LLY', 'CMS', 'CVS', 'INTC', 'EA', 'MA', 'CRM', 'EBAY', 'TGT', 'UNH', 'MSCI', 'WMT', 'CI', 'AAPL', 'PCG', 'JNJ', 'NOW', 'MSFT', 'CME', 'AMD', 'GOOG', 'ICE', 'V', 'HD']"
2020-06-14,"['CAR', 'UAL', 'AAL', 'DAL', 'F', 'DFS', 'MGM', 'LUV', 'KEY', 'MAR', 'RF', 'GE', 'USB', 'ET', 'C', 'GM', 'BAC', 'CE', 'WFC', 'AXP', 'IT', 'DE', 'JPM', 'IP', 'BK', 'MS', 'XOM', 'LNG', 'DD', 'CAT', 'NTRS', 'GS', 'COO', 'GD', 'FOX', 'KKR', 'NKE', 'UPS', 'CMCSA', 'PCG', 'BMY', 'DIS', 'T', 'IBM', 'BX', 'CVX', 'INTC', 'BSX', 'PSA', 'ABC', 'CI', 'KO', 'SBUX', 'MCD', 'UNH', 'POOL', 'CME', 'MA', 'MO', 'CNC', 'FB', 'EBAY', 'TSN', 'PG', 'FE', 'LLY', 'CSCO', 'CVS', 'NFLX', 'PFE', 'MSCI', 'SO', 'CMS', 'JNJ', 'HD', 'GIS', 'TSLA', 'WMT', 'ICE', 'NDAQ', 'VZ', 'AAPL', 'ORCL', 'EA', 'NOW', 'AMZN', 'GOOG', 'CBOE', 'AMD', 'ABBV', 'CRM', 'KR', 'MSFT', 'ABT']"
2020-06-21,"['AAL', 'UAL', 'DAL', 'DFS', 'LUV', 'KEY', 'WFC', 'MGM', 'POOL', 'AIG', 'MS', 'C', 'RF', 'PCG', 'COO', 'NFLX', 'MSCI', 'BSX', 'TSLA', 'GM', 'PFE', 'JPM', 'FB', 'F', 'BMY', 'BAC', 'PSA', 'MAR', 'NTRS', 'GS', 'AXP', 'KKR', 'GD', 'UPS', 'GE', 'LLY', 'CI', 'EA', 'CAT', 'WMT', 'ABC', 'EBAY', 'NDAQ', 'PM', 'UNH', 'QCOM', 'DE', 'GIS', 'OKE', 'FE', 'CNC', 'ABT', 'USB', 'ET', 'LNG', 'CRM', 'JNJ', 'ABBV', 'CSCO', 'TGT', 'AMD', 'DIS', 'AAPL', 'ICE', 'XOM', 'AMZN', 'BX', 'CVS', 'FOX', 'DD', 'PG', 'NKE', 'VZ', 'CME', 'HD', 'CVX', 'WY', 'NOW', 'MCD', 'MO', 'IP', 'KO', 'CMS', 'SBUX', 'HON', 'INTC', 'IBM', 'ORCL', 'KR', 'IT', 'V', 'T', 'GOOG', 'MSFT', 'MA', 'CMCSA']"
2020-06-28,"['AAL', 'CAR', 'UAL', 'DAL', 'MGM', 'PCG', 'MAR', 'ET', 'RF', 'GE', 'WFC', 'C', 'GM', 'AIG', 'LUV', 'USB', 'XOM', 'PNC', 'BAC', 'JPM', 'AXP', 'LEA', 'NTRS', 'BK', 'WY', 'LNG', 'CVX', 'KKR', 'IP', 'GD', 'GS', 'TSLA', 'BSX', 'MS', 'PFE', 'DE', 'CE', 'COO', 'CME', 'DUK', 'IT', 'CI', 'AMD', 'MCD', 'DD', 'KO', 'DIS', 'CMCSA', 'BX', 'FE', 'T', 'FOX', 'FB', 'QCOM', 'SBUX', 'TSN', 'MO', 'AAPL', 'INTC', 'EBAY', 'ABT', 'CNC', 'EA', 'VZ', 'GIS', 'IBM', 'BLK', 'ABC', 'NFLX', 'POOL', 'JNJ', 'PM', 'BMY', 'ICE', 'MSCI', 'AMZN', 'CRM', 'GOOG', 'MA', 'UPS', 'NKE', 'LLY', 'HD', 'UNH', 'WMT', 'MSFT', 'TGT', 'CVS', 'PSA', 'CSCO', 'ABBV', 'CMS', 'NDAQ', 'PG', 'ORCL', 'KR', 'NOW']"
2020-07-05,"['MAR', 'TSLA', 'ET', 'FDX', 'PCG', 'AAL', 'DAL', 'WFC', 'BAC', 'XOM', 'LUV', 'IT', 'UAL', 'GE', 'KEY', 'DD', 'GS', 'JPM', 'FE', 'CME', 'IP', 'PFE', 'FOX', 'UNH', 'DE', 'USB', 'C', 'BSX', 'GM', 'BMY', 'RF', 'DIS', 'CVX', 'COO', 'NTRS', 'PSA', 'INTC', 'NKE', 'MS', 'SBUX', 'KO', 'MA', 'T', 'AXP', 'V', 'ICE', 'HD', 'IBM', 'BX', 'GOOG', 'LLY', 'TSN', 'FB', 'VZ', 'CVS', 'KKR', 'AMZN', 'MCD', 'ABC', 'ORCL', 'NFLX', 'CMCSA', 'CSCO', 'MO', 'PG', 'MSCI', 'DUK', 'AAPL', 'JNJ', 'AMD', 'WMT', 'GIS', 'EBAY', 'MSFT', 'KR', 'EA', 'NOW', 'ABBV', 'ABT']"
2020-07-12,"['TSLA', 'OKE', 'ET', 'AAL', 'NFLX', 'UAL', 'AMZN', 'WMT', 'PCG', 'KKR', 'GD', 'GM', 'MGM', 'WFC', 'AIG', 'BX', 'DAL', 'RF', 'EBAY', 'FE', 'CNC', 'JPM', 'FB', 'DUK', 'PNC', 'CE', 'ABC', 'LNG', 'MAR', 'LUV', 'MSCI', 'F', 'AMD', 'DFS', 'DIS', 'LLY', 'PSA', 'FOX', 'CBOE', 'BSX', 'CVX', 'AAPL', 'AXP', 'LEA', 'UPS', 'BMY', 'TSN', 'CMS', 'PG', 'USB', 'PM', 'MO', 'PFE', 'GS', 'GE', 'WY', 'JNJ', 'UNH', 'EA', 'DD', 'GIS', 'SBUX', 'CRM', 'NTRS', 'NDAQ', 'BK', 'C', 'POOL', 'MSFT', 'VZ', 'CME', 'IP', 'MA', 'GOOG', 'ORCL', 'IBM', 'BAC', 'T', 'CAT', 'NOW', 'IT', 'COO', 'QCOM', 'MS', 'CVS', 'DE', 'INTC', 'ABT', 'KO', 'NKE', 'KR', 'ICE', 'HD', 'CMCSA', 'CSCO']"
2020-07-19,"['CAR', 'TSLA', 'AAL', 'MGM', 'OKE', 'NFLX', 'ET', 'MAR', 'KKR', 'BSX', 'FB', 'GM', 'PCG', 'FDX', 'UAL', 'GE', 'COO', 'LNG', 'WFC', 'RF', 'BK', 'AMZN', 'NTRS', 'GD', 'BAC', 'FE', 'AMD', 'BX', 'EBAY', 'CNC', 'LEA', 'ABC', 'AIG', 'WY', 'DAL', 'LUV', 'C', 'HON', 'AXP', 'GOOG', 'KO', 'GS', 'PNC', 'CME', 'MO', 'F', 'USB', 'FOX', 'CI', 'DIS', 'TSN', 'CRM', 'PM', 'MSFT', 'CE', 'JNJ', 'BLK', 'JPM', 'CAT', 'SBUX', 'PFE', 'DUK', 'XOM', 'AAPL', 'VZ', 'GIS', 'INTC', 'TGT', 'MSCI', 'ICE', 'WMT', 'CVS', 'NKE', 'T', 'ADP', 'EA', 'BMY', 'DE', 'IBM', 'PG', 'CMCSA', 'ABT', 'NDAQ', 'PSA', 'MS', 'IP', 'NOW', 'CMS', 'UNH', 'POOL', 'DD', 'UPS', 'HD', 'MA', 'IT', 'KR', 'QCOM', 'LLY', 'CSCO']"
2020-07-26,"['TSLA', 'FE', 'AMD', 'CAR', 'FDX', 'INTC', 'WY', 'EBAY', 'FB', 'MAR', 'DE', 'KKR', 'MGM', 'OKE', 'LNG', 'HON', 'MSCI', 'NFLX', 'AAPL', 'LUV', 'COO', 'CNC', 'GS', 'AMZN', 'GOOG', 'MS', 'ABT', 'GE', 'WFC', 'BLK', 'DIS', 'PFE', 'CE', 'FOX', 'BMY', 'WMT', 'ET', 'ADP', 'BAC', 'CI', 'IP', 'QCOM', 'AAL', 'PSA', 'ABBV', 'UPS', 'PCG', 'T', 'DAL', 'BK', 'RF', 'CMS', 'CMCSA', 'PG', 'EA', 'BSX', 'UAL', 'LEA', 'NKE', 'JNJ', 'ABC', 'MSFT', 'NTRS', 'NOW', 'KR', 'GM', 'VZ', 'MA', 'MO', 'GIS', 'NDAQ', 'KO', 'PM', 'SBUX', 'IBM', 'CRM', 'PNC', 'LLY', 'ICE', 'HD', 'DD', 'CME', 'BX', 'GD', 'JPM', 'CSCO', 'CVS', 'DUK', 'C', 'TGT', 'CVX', 'MCD', 'DFS', 'V', 'XOM', 'AXP', 'IT']"
2020-08-02,"['OKE', 'UPS', 'TSLA', 'QCOM', 'AMD', 'ET', 'FE', 'CAR', 'WFC', 'NFLX', 'AAPL', 'INTC', 'AMZN', 'CI', 'FOX', 'MSCI', 'LEA', 'GE', 'CNC', 'FB', 'UAL', 'ADP', 'F', 'ABC', 'CVX', 'BX', 'WMT', 'KKR', 'IBM', 'GM', 'DAL', 'IP', 'AAL', 'DIS', 'EA', 'LUV', 'EBAY', 'RF', 'MGM', 'GD', 'CRM', 'CVS', 'WY', 'DFS', 'XOM', 'PSA', 'PFE', 'BSX', 'KO', 'PNC', 'PCG', 'GOOG', 'CAT', 'MAR', 'CBOE', 'NTRS', 'UNH', 'ABBV', 'CE', 'CMCSA', 'DD', 'V', 'MS', 'DE', 'MSFT', 'HON', 'AXP', 'MCD', 'C', 'IT', 'CSCO', 'MA', 'CMS', 'PM', 'BMY', 'GS', 'JPM', 'MO', 'LNG', 'COO', 'ICE', 'POOL', 'GIS', 'ABT', 'DUK', 'AIG', 'NKE', 'SBUX', 'HD', 'VZ', 'CME', 'TGT', 'BAC', 'NOW', 'BLK', 'TSN', 'JNJ', 'PG', 'T', 'USB', 'KR']"
2020-08-09,"['AMD', 'MGM', 'AAL', 'FE', 'UPS', 'NFLX', 'CAR', 'AMZN', 'INTC', 'MAR', 'GE', 'GM', 'UAL', 'DIS', 'CE', 'WFC', 'MSFT', 'DAL', 'F', 'DE', 'LUV', 'TSLA', 'PFE', 'WY', 'CRM', 'LEA', 'NTRS', 'QCOM', 'MS', 'ADP', 'AIG', 'BAC', 'IP', 'C', 'ABC', 'EBAY', 'BMY', 'NKE', 'MSCI', 'NDAQ', 'CAT', 'UNH', 'AAPL', 'GOOG', 'GD', 'JNJ', 'FOX', 'LNG', 'LLY', 'V', 'CNC', 'GS', 'OKE', 'CVS', 'DD', 'FB', 'TSN', 'XOM', 'CMS', 'MA', 'DFS', 'BSX', 'POOL', 'MCD', 'ICE', 'IBM', 'TGT', 'BX', 'CMCSA', 'DUK', 'MO', 'PSA', 'ABT', 'KKR', 'IT', 'COO', 'SO', 'PG', 'ET', 'PM', 'PCG', 'CVX', 'KO', 'VZ', 'EA', 'AXP', 'HD', 'SBUX', 'GIS', 'RF', 'CME', 'USB', 'KR', 'T', 'WMT', 'CSCO']"
2020-08-16,"['FE', 'AMD', 'UPS', 'MGM', 'TSLA', 'FB', 'QCOM', 'LUV', 'AAL', 'AAPL', 'CE', 'CSCO', 'FDX', 'DAL', 'COO', 'MS', 'CAR', 'HON', 'GS', 'MAR', 'BAC', 'FOX', 'GE', 'WFC', 'DIS', 'BMY', 'POOL', 'EA', 'CRM', 'PSA', 'PCG', 'LLY', 'UAL', 'DFS', 'NFLX', 'NTRS', 'IT', 'LNG', 'BK', 'GM', 'PNC', 'MSCI', 'MSFT', 'KO', 'CMS', 'WY', 'AMZN', 'KKR', 'KEY', 'ET', 'CNC', 'IP', 'GIS', 'SBUX', 'ICE', 'LEA', 'UNH', 'F', 'MCD', 'CI', 'PFE', 'DUK', 'CVX', 'T', 'OKE', 'RF', 'CMCSA', 'ABT', 'GOOG', 'MA', 'BSX', 'ABC', 'WMT', 'DD', 'NDAQ', 'TSN', 'SO', 'VZ', 'ORCL', 'TGT', 'NKE', 'PM', 'JNJ', 'CME', 'HD', 'IBM', 'GD', 'KR', 'DE', 'XOM', 'USB', 'NOW', 'PG', 'JPM', 'MO', 'AXP', 'V']"
2020-08-23,"['CAR', 'TSLA', 'MGM', 'UPS', 'GE', 'QCOM', 'AAPL', 'UAL', 'AAL', 'CVX', 'FDX', 'DAL', 'WFC', 'LEA', 'FE', 'GM', 'FB', 'DFS', 'F', 'MAR', 'C', 'TGT', 'IP', 'AMD', 'LLY', 'RF', 'DD', 'DIS', 'XOM', 'INTC', 'CE', 'ABC', 'CI', 'LNG', 'AXP', 'GD', 'MSCI', 'HD', 'IBM', 'LUV', 'BAC', 'COO', 'USB', 'CRM', 'KO', 'HON', 'GOOG', 'CSCO', 'PNC', 'MS', 'JPM', 'KKR', 'BK', 'GIS', 'BX', 'IT', 'WY', 'EA', 'AMZN', 'PSA', 'PCG', 'NTRS', 'EBAY', 'V', 'ABT', 'MCD', 'NKE', 'GS', 'ET', 'BMY', 'CMCSA', 'POOL', 'PFE', 'FOX', 'MSFT', 'CMS', 'DE', 'ORCL', 'NFLX', 'PG', 'WMT', 'MO', 'VZ', 'SBUX', 'ICE', 'DUK', 'MA', 'NOW', 'T', 'JNJ', 'BSX', 'PM', 'CME', 'KR']"
2020-08-30,"['CRM', 'TSLA', 'DAL', 'CAR', 'TGT', 'MGM', 'AAL', 'LUV', 'FDX', 'FE', 'UAL', 'AAPL', 'MAR', 'FB', 'SBUX', 'DIS', 'OKE', 'GM', 'LNG', 'PNC', 'DFS', 'EBAY', 'BAC', 'MSCI', 'UPS', 'WFC', 'AXP', 'CE', 'NTRS', 'MSFT', 'KO', 'BSX', 'C', 'AMD', 'CSCO', 'MA', 'GD', 'ET', 'RF', 'JPM', 'CMCSA', 'CMS', 'CVX', 'ABBV', 'LEA', 'GS', 'USB', 'MCD', 'DUK', 'GE', 'MS', 'KKR', 'TSN', 'DD', 'HON', 'IP', 'ADP', 'V', 'XOM', 'ORCL', 'ICE', 'DE', 'COO', 'ABT', 'NKE', 'PFE', 'POOL', 'F', 'GOOG', 'CI', 'MO', 'NFLX', 'EA', 'INTC', 'WY', 'PM', 'LLY', 'WMT', 'BMY', 'AMZN', 'PG', 'BX', 'KR', 'IT', 'CVS', 'IBM', 'JNJ', 'CAT', 'HD', 'VZ', 'BLK', 'PSA', 'T', 'GIS', 'ABC', 'CME']"
2020-09-06,"['TSLA', 'CRM', 'MGM', 'CSCO', 'CAR', 'POOL', 'MA', 'FE', 'NOW', 'FB', 'DAL', 'FDX', 'OKE', 'LUV', 'ABT', 'EA', 'AMD', 'ET', 'MSFT', 'AAPL', 'DUK', 'WY', 'MAR', 'GOOG', 'HD', 'SBUX', 'V', 'DE', 'AMZN', 'NFLX', 'HON', 'XOM', 'ORCL', 'ICE', 'IBM', 'MSCI', 'CVS', 'DFS', 'IP', 'CMS', 'CME', 'GM', 'CVX', 'BMY', 'WFC', 'BLK', 'PFE', 'GE', 'CE', 'BAC', 'UAL', 'EBAY', 'QCOM', 'IT', 'NDAQ', 'DD', 'WMT', 'PCG', 'LEA', 'JNJ', 'MCD', 'PNC', 'PSA', 'DIS', 'CAT', 'PM', 'GIS', 'INTC', 'T', 'MS', 'ABC', 'BSX', 'NKE', 'ADP', 'KKR', 'LNG', 'ABBV', 'GD', 'CMCSA', 'LLY', 'RF', 'AAL', 'COO', 'C', 'VZ', 'TSN', 'CI', 'JPM', 'BK', 'UPS', 'NTRS', 'UNH', 'KR', 'AXP', 'KO', 'BX', 'PG', 'MO', 'USB', 'GS']"
2020-09-13,"['TSLA', 'UAL', 'CRM', 'AAL', 'ET', 'DAL', 'FE', 'USB', 'BAC', 'GE', 'C', 'RF', 'AAPL', 'IP', 'JPM', 'LNG', 'LUV', 'CAR', 'KKR', 'TGT', 'GS', 'LEA', 'XOM', 'WFC', 'AMD', 'NFLX', 'DD', 'GIS', 'IT', 'SBUX', 'WMT', 'ABC', 'CVS', 'CE', 'CI', 'BSX', 'PSA', 'AMZN', 'NTRS', 'IBM', 'FB', 'PCG', 'GOOG', 'COO', 'BLK', 'EA', 'MSFT', 'MS', 'TSN', 'CAT', 'UNH', 'JNJ', 'DIS', 'CME', 'MSCI', 'DE', 'BMY', 'CSCO', 'KR', 'PFE', 'NKE', 'ABT', 'ABBV', 'CMS', 'T', 'LLY', 'INTC', 'FDX', 'PG', 'HD', 'ICE', 'KO', 'VZ', 'UPS', 'CMCSA', 'WY', 'GM', 'PM']"
2020-09-20,"['CRM', 'TSLA', 'FB', 'WY', 'EBAY', 'GE', 'DAL', 'C', 'CAR', 'MGM', 'CNC', 'MAR', 'MSFT', 'LUV', 'MA', 'AAPL', 'UAL', 'AMZN', 'NFLX', 'ET', 'ABT', 'AMD', 'BSX', 'XOM', 'NOW', 'FE', 'BLK', 'DFS', 'PFE', 'GOOG', 'CE', 'DIS', 'KEY', 'WFC', 'MO', 'CVS', 'TGT', 'QCOM', 'ICE', 'GD', 'NTRS', 'WMT', 'CVX', 'LNG', 'GIS', 'PNC', 'FOX', 'AIG', 'KR', 'PM', 'JPM', 'MSCI', 'ABBV', 'ADP', 'IP', 'CSCO', 'PSA', 'EA', 'GS', 'POOL', 'CME', 'KO', 'PCG', 'LEA', 'ORCL', 'RF', 'BAC', 'NKE', 'BMY', 'LLY', 'MS', 'FDX', 'AXP', 'TSN', 'IT', 'USB', 'GM', 'DUK', 'INTC', 'CMCSA', 'PG', 'DE', 'IBM', 'HD', 'COO', 'JNJ', 'UPS', 'ABC', 'DD', 'CMS', 'SO', 'VZ', 'T', 'BX', 'MCD', 'KKR']"
2020-09-27,"['POOL', 'ET', 'GE', 'CVX', 'CAR', 'TSLA', 'MSFT', 'C', 'XOM', 'AAPL', 'FB', 'CNC', 'LEA', 'WFC', 'AMZN', 'COO', 'MSCI', 'MA', 'AMD', 'MAR', 'DFS', 'FE', 'CE', 'F', 'DAL', 'GM', 'GOOG', 'HD', 'ABT', 'DD', 'ICE', 'IBM', 'BAC', 'RF', 'CVS', 'BK', 'AAL', 'WY', 'JPM', 'UAL', 'IT', 'AXP', 'IP', 'USB', 'MGM', 'CRM', 'NFLX', 'NTRS', 'PFE', 'KEY', 'GD', 'CSCO', 'ORCL', 'GIS', 'MS', 'LUV', 'TGT', 'MO', 'NDAQ', 'ABBV', 'BSX', 'CME', 'NKE', 'KR', 'T', 'JNJ', 'BMY', 'FOX', 'PSA', 'DIS', 'CI', 'KKR', 'ADP', 'INTC', 'LNG', 'GS', 'AIG', 'KO', 'PCG', 'DE', 'VZ', 'ABC', 'LLY', 'UPS', 'MCD', 'CMS', 'DUK', 'WMT', 'CMCSA']"
2020-10-04,"['TSLA', 'CNC', 'DUK', 'CAR', 'GE', 'GIS', 'RF', 'NFLX', 'UAL', 'BK', 'XOM', 'LEA', 'AIG', 'PNC', 'AAL', 'LNG', 'AMD', 'C', 'MS', 'BAC', 'ET', 'GOOG', 'NTRS', 'MAR', 'AXP', 'AAPL', 'GS', 'AMZN', 'CRM', 'CVX', 'FE', 'WFC', 'FB', 'JPM', 'LUV', 'MGM', 'BSX', 'GD', 'WMT', 'DAL', 'MSFT', 'USB', 'KKR', 'IT', 'MO', 'CVS', 'NKE', 'CSCO', 'MSCI', 'PSA', 'CBOE', 'ABBV', 'ADP', 'HON', 'DIS', 'SBUX', 'LLY', 'ORCL', 'FOX', 'IP', 'BX', 'ABC', 'PCG', 'QCOM', 'UNH', 'CME', 'TSN', 'CAT', 'PM', 'HD', 'MCD', 'DD', 'GM', 'BMY', 'SO', 'PFE', 'INTC', 'F', 'FDX', 'UPS', 'ICE', 'KO', 'VZ', 'CMCSA', 'JNJ', 'POOL', 'CE', 'COO', 'CMS', 'TGT', 'MA', 'PG', 'DE', 'ABT', 'IBM']"
2020-10-11,"['C', 'EBAY', 'GE', 'FB', 'TSLA', 'BSX', 'MO', 'AMZN', 'NTRS', 'GOOG', 'DD', 'CE', 'PCG', 'WFC', 'CNC', 'AAPL', 'QCOM', 'ET', 'TSN', 'IP', 'DIS', 'GS', 'CAT', 'BK', 'XOM', 'ORCL', 'GM', 'USB', 'LLY', 'BAC', 'GIS', 'CRM', 'KR', 'MAR', 'MS', 'COO', 'CVX', 'NFLX', 'WY', 'UNH', 'NKE', 'RF', 'LNG', 'PNC', 'UAL', 'MGM', 'BLK', 'AMD', 'MSFT', 'CBOE', 'INTC', 'ABT', 'ABBV', 'FOX', 'JPM', 'AXP', 'DUK', 'FDX', 'DAL', 'GD', 'IT', 'SO', 'CME', 'PG', 'AAL', 'CMCSA', 'MA', 'FE', 'DE', 'CSCO', 'EA', 'V', 'LUV', 'JNJ', 'NOW', 'MCD', 'IBM', 'MSCI', 'KO', 'F', 'UPS', 'PSA', 'BMY', 'ABC', 'WMT', 'ICE', 'TGT', 'PFE', 'SBUX', 'KKR', 'T', 'CMS', 'HD', 'VZ']"
2020-10-18,"['LEA', 'OKE', 'CAR', 'GE', 'F', 'CNC', 'ET', 'DAL', 'UAL', 'AXP', 'RF', 'AAL', 'GM', 'KEY', 'CE', 'CVX', 'NTRS', 'TSLA', 'USB', 'MAR', 'MS', 'LUV', 'BSX', 'BAC', 'DD', 'COO', 'PNC', 'WFC', 'C', 'CAT', 'XOM', 'NKE', 'TSN', 'JPM', 'HON', 'ADP', 'DUK', 'LLY', 'T', 'IBM', 'LNG', 'NFLX', 'AIG', 'KO', 'BX', 'CRM', 'ABBV', 'EBAY', 'MA', 'CI', 'AMZN', 'DIS', 'CVS', 'MSFT', 'MO', 'CBOE', 'FB', 'KKR', 'ABT', 'FE', 'PCG', 'VZ', 'BLK', 'MSCI', 'GD', 'IT', 'EA', 'AAPL', 'QCOM', 'CSCO', 'UNH', 'AMD', 'FDX', 'SBUX', 'HD', 'IP', 'GS', 'GIS', 'PFE', 'NOW', 'JNJ', 'ABC', 'TGT', 'PSA', 'WY', 'POOL', 'GOOG', 'WMT', 'MGM', 'UPS', 'DE', 'CMCSA', 'BMY', 'CME', 'CMS', 'PM', 'KR', 'ICE', 'INTC', 'PG', 'MCD']"
2020-10-25,"['CAR', 'LEA', 'BLK', 'MGM', 'LNG', 'RF', 'CNC', 'GE', 'UAL', 'GOOG', 'NFLX', 'FE', 'IP', 'INTC', 'GM', 'CAT', 'CE', 'IBM', 'PM', 'XOM', 'GS', 'DAL', 'DUK', 'F', 'LUV', 'TSLA', 'AIG', 'AXP', 'POOL', 'BK', 'NTRS', 'WY', 'EBAY', 'KEY', 'ADP', 'QCOM', 'LLY', 'CBOE', 'ET', 'FDX', 'AAL', 'HON', 'TGT', 'EA', 'AMZN', 'MSCI', 'PCG', 'MSFT', 'CSCO', 'FB', 'PNC', 'AAPL', 'IT', 'UNH', 'CMCSA', 'CRM', 'ABT', 'COO', 'PSA', 'DE', 'KR', 'BAC', 'BX', 'JPM', 'MS', 'AMD', 'USB', 'HD', 'NOW', 'MA', 'C', 'SBUX', 'WMT', 'KKR', 'BSX', 'ABC', 'TSN', 'DD', 'ICE', 'PG', 'CI', 'MAR', 'FOX', 'GIS', 'MCD', 'BMY', 'CVX', 'DIS', 'CMS', 'WFC', 'CME', 'ABBV', 'VZ', 'ORCL', 'NKE', 'JNJ', 'GD', 'KO', 'MO', 'UPS', 'NDAQ', 'PFE', 'T', 'CVS']"
2020-11-01,"['CAR', 'ET', 'LEA', 'COO', 'CNC', 'MGM', 'GE', 'GM', 'F', 'BSX', 'FE', 'INTC', 'CI', 'AIG', 'LLY', 'MA', 'EBAY', 'PCG', 'WFC', 'AAL', 'IP', 'CE', 'RF', 'CRM', 'IBM', 'DAL', 'FB', 'BLK', 'CAT', 'NFLX', 'NTRS', 'IT', 'UAL', 'LUV', 'MAR', 'UNH', 'UPS', 'KKR', 'AXP', 'V', 'OKE', 'GOOG', 'CME', 'MO', 'USB', 'CSCO', 'SO', 'HON', 'POOL', 'AMD', 'CVS', 'GS', 'MSFT', 'MS', 'DE', 'DD', 'CMS', 'HD', 'WY', 'EA', 'PFE', 'BX', 'AMZN', 'ADP', 'MCD', 'TSN', 'GD', 'TSLA', 'AAPL', 'PM', 'FOX', 'JPM', 'DIS', 'XOM', 'BAC', 'KO', 'NKE', 'SBUX', 'CMCSA', 'ICE', 'CBOE', 'BMY', 'GIS', 'NOW', 'JNJ', 'CVX', 'ABC', 'KR', 'PG', 'PNC', 'LNG', 'TGT', 'T', 'WMT', 'ABT', 'PSA', 'VZ', 'ABBV', 'MSCI', 'DUK']"
2020-11-08,"['MSCI', 'CI', 'LLY', 'CRM', 'IT', 'WFC', 'QCOM', 'UNH', 'AMD', 'MA', 'BSX', 'CVS', 'V', 'CNC', 'MAR', 'AAL', 'KKR', 'NKE', 'ET', 'NFLX', 'FE', 'BMY', 'FB', 'HON', 'MSFT', 'GE', 'TSLA', 'INTC', 'ABT', 'AMZN', 'GOOG', 'FOX', 'MS', 'DE', 'GD', 'IP', 'GS', 'AAPL', 'AXP', 'PM', 'UPS', 'MGM', 'BAC', 'HD', 'NOW', 'CAT', 'EBAY', 'T', 'XOM', 'MO', 'JNJ', 'GM', 'KO', 'LEA', 'FDX', 'ABBV', 'C', 'CMCSA', 'ABC', 'PG', 'DAL', 'ICE', 'JPM', 'NTRS', 'CSCO', 'RF', 'CVX', 'WMT', 'VZ', 'PFE', 'MCD', 'CME', 'IBM', 'COO', 'CBOE', 'CE', 'DIS', 'KR', 'LNG', 'POOL', 'EA', 'F', 'PNC', 'GIS', 'WY', 'TSN', 'LUV', 'DD', 'PSA', 'CMS', 'USB', 'DUK']"
2020-11-15,"['CAR', 'AXP', 'MGM', 'GE', 'NFLX', 'PM', 'MAR', 'DAL', 'RF', 'INTC', 'MSCI', 'UAL', 'ET', 'HON', 'NTRS', 'JPM', 'IBM', 'AIG', 'BAC', 'C', 'LUV', 'MA', 'F', 'CME', 'MO', 'CSCO', 'GOOG', 'BSX', 'IT', 'FB', 'TSLA', 'WFC', 'USB', 'CMCSA', 'AMD', 'CVS', 'GM', 'NOW', 'CE', 'GS', 'FE', 'PNC', 'AMZN', 'AAL', 'ADP', 'AAPL', 'QCOM', 'CI', 'LEA', 'KR', 'MS', 'EA', 'MSFT', 'HD', 'LNG', 'ABT', 'TSN', 'GD', 'BLK', 'JNJ', 'ABBV', 'ORCL', 'ICE', 'V', 'KO', 'SBUX', 'MCD', 'LLY', 'PFE', 'UPS', 'TGT', 'VZ', 'BMY', 'DIS', 'WMT', 'COO', 'PSA', 'GIS', 'FDX', 'PG', 'WY', 'CNC', 'KKR', 'UNH', 'NKE', 'IP', 'ABC', 'CMS', 'DD', 'DE']"
2020-11-22,"['ET', 'CI', 'MGM', 'IT', 'CAR', 'CNC', 'MAR', 'MA', 'UAL', 'CVS', 'AXP', 'DAL', 'TSLA', 'COO', 'BSX', 'LEA', 'HON', 'GS', 'WFC', 'PCG', 'GE', 'FE', 'KKR', 'LLY', 'CSCO', 'MS', 'NTRS', 'GM', 'WY', 'LUV', 'ABC', 'MO', 'EBAY', 'JPM', 'CVX', 'BK', 'C', 'CME', 'DIS', 'AMD', 'CE', 'CMCSA', 'GD', 'UPS', 'AIG', 'FDX', 'BLK', 'JNJ', 'NKE', 'PFE', 'F', 'CRM', 'HD', 'BAC', 'MSFT', 'DE', 'QCOM', 'FB', 'AAPL', 'IP', 'INTC', 'KO', 'KEY', 'CMS', 'IBM', 'ADP', 'PM', 'XOM', 'USB', 'DD', 'TSN', 'ABBV', 'ORCL', 'BMY', 'AMZN', 'TGT', 'GOOG', 'PSA', 'WMT', 'ABT', 'VZ', 'ICE', 'RF', 'PG', 'EA', 'PNC', 'GIS', 'LNG', 'NOW', 'DUK', 'NFLX', 'MSCI', 'FOX', 'KR']"
2020-11-29,"['TSLA', 'AAL', 'IT', 'GE', 'UAL', 'GM', 'MSCI', 'QCOM', 'MS', 'MGM', 'CI', 'DAL', 'HON', 'C', 'WFC', 'KEY', 'CRM', 'CVS', 'ET', 'ABBV', 'FB', 'FE', 'GS', 'LNG', 'AMD', 'CE', 'AMZN', 'BAC', 'MSFT', 'ABC', 'DE', 'AAPL', 'RF', 'ABT', 'XOM', 'BMY', 'JPM', 'GOOG', 'KKR', 'LUV', 'NFLX', 'NTRS', 'EBAY', 'PFE', 'LLY', 'MA', 'BLK', 'NOW', 'CSCO', 'DD', 'GD', 'INTC', 'F', 'IP', 'HD', 'UPS', 'BSX', 'CME', 'ADP', 'PG', 'ICE', 'TGT', 'WMT', 'PSA', 'KR', 'GIS', 'MO', 'WY', 'IBM', 'VZ', 'COO', 'CMS', 'EA', 'USB', 'JNJ', 'MCD']"
2020-12-06,"['TSLA', 'C', 'DAL', 'AAL', 'WFC', 'UAL', 'CVX', 'AXP', 'PCG', 'MGM', 'XOM', 'CAR', 'LUV', 'MSCI', 'GE', 'MAR', 'QCOM', 'CRM', 'ET', 'GM', 'DFS', 'RF', 'BAC', 'JPM', 'AMD', 'MS', 'CVS', 'NTRS', 'LNG', 'BK', 'INTC', 'TGT', 'FB', 'CME', 'NFLX', 'USB', 'DIS', 'IP', 'PFE', 'AMZN', 'F', 'NDAQ', 'KR', 'CE', 'FE', 'GS', 'CSCO', 'MO', 'HD', 'CI', 'NOW', 'PM', 'ABT', 'ABBV', 'EBAY', 'LEA', 'GD', 'AAPL', 'CMCSA', 'KO', 'CMS', 'MSFT', 'FDX', 'JNJ', 'FOX', 'ABC', 'GOOG', 'MCD', 'DE', 'CNC', 'PG', 'EA', 'WY', 'PSA', 'MA', 'BLK', 'IBM', 'BMY', 'IT', 'T', 'UPS', 'SBUX', 'WMT', 'COO', 'VZ', 'DD', 'ORCL', 'LLY', 'ICE', 'KKR', 'GIS', 'NKE']"
2020-12-13,"['TSLA', 'BSX', 'AAL', 'WFC', 'C', 'CNC', 'OKE', 'MS', 'UAL', 'CVS', 'ET', 'ABC', 'FB', 'INTC', 'AMD', 'CAR', 'TSN', 'DIS', 'UNH', 'QCOM', 'PNC', 'DAL', 'PCG', 'MAR', 'GE', 'COO', 'LNG', 'IBM', 'MA', 'AXP', 'LLY', 'GM', 'TGT', 'CRM', 'RF', 'HD', 'FE', 'BAC', 'LEA', 'GOOG', 'JPM', 'LUV', 'AIG', 'CVX', 'NTRS', 'CMS', 'XOM', 'PSA', 'CAT', 'PFE', 'EA', 'IT', 'BMY', 'MSFT', 'ABT', 'ABBV', 'PG', 'CME', 'GD', 'DUK', 'F', 'AAPL', 'CSCO', 'FOX', 'GS', 'ICE', 'MSCI', 'ADP', 'VZ', 'JNJ', 'ORCL', 'BX', 'PM', 'KO', 'USB', 'DE', 'BLK', 'AMZN', 'NFLX', 'NKE', 'CMCSA', 'DD', 'SBUX', 'WMT', 'GIS', 'MCD', 'WY', 'KR', 'CE', 'IP', 'POOL', 'T', 'KKR', 'MO', 'NDAQ', 'UPS']"
2020-12-20,"['UAL', 'DIS', 'FE', 'TSN', 'C', 'CAR', 'TSLA', 'GOOG', 'XOM', 'DAL', 'GE', 'MS', 'LNG', 'ET', 'T', 'PFE', 'WFC', 'CVX', 'INTC', 'CVS', 'MGM', 'ORCL', 'GM', 'AXP', 'PNC', 'FDX', 'LLY', 'FB', 'PCG', 'LUV', 'CRM', 'HD', 'NFLX', 'NTRS', 'WY', 'BAC', 'EA', 'USB', 'FOX', 'PSA', 'ICE', 'ABT', 'AMZN', 'DE', 'MA', 'BLK', 'BMY', 'CSCO', 'SBUX', 'BSX', 'MAR', 'ADP', 'DD', 'ABBV', 'WMT', 'AAPL', 'GS', 'RF', 'KR', 'JPM', 'IP', 'GIS', 'NDAQ', 'JNJ', 'CMS', 'MSFT', 'LEA', 'SO', 'IBM', 'ABC', 'UPS', 'CME', 'GD', 'PG', 'BX', 'CMCSA', 'AMD', 'MSCI', 'CE', 'COO', 'UNH', 'MO', 'IT', 'NKE', 'KKR', 'VZ', 'KO']"
2020-12-27,"['TSLA', 'ET', 'CRM', 'FE', 'AMD', 'INTC', 'AAL', 'CVS', 'MS', 'PFE', 'QCOM', 'AAPL', 'DIS', 'NFLX', 'GM', 'WFC', 'GS', 'JPM', 'MSCI', 'TGT', 'BAC', 'EA', 'CME', 'AXP', 'ABC', 'BSX', 'HD', 'GE', 'C', 'NTRS', 'GOOG', 'DAL', 'AIG', 'ICE', 'AMZN', 'FB', 'LUV', 'SBUX', 'IBM', 'UPS', 'T', 'MSFT', 'LNG', 'PSA', 'NKE']"
2021-01-03,"['CI', 'INTC', 'DIS', 'UAL', 'MAR', 'CMS', 'LLY', 'FOX', 'DAL', 'T', 'ABC', 'GM', 'GOOG', 'TSLA', 'BMY', 'AAL', 'BSX', 'FB', 'PFE', 'AXP', 'LUV', 'ET', 'EBAY', 'RF', 'AMD', 'CMCSA', 'JNJ', 'F', 'WMT', 'VZ', 'AAPL', 'IBM', 'MSCI', 'MCD', 'XOM', 'COO', 'EA', 'MSFT', 'MS', 'KR', 'JPM', 'GIS', 'CRM', 'AMZN', 'BAC', 'HON', 'NFLX', 'IP', 'KKR', 'BLK', 'GS', 'KO', 'UPS', 'DE', 'NOW', 'PSA', 'HD', 'PG', 'ICE', 'WFC', 'CME', 'NKE', 'CSCO']"
2021-01-10,"['TSLA', 'CVS', 'DD', 'CVX', 'PFE', 'ABC', 'CI', 'NFLX', 'FE', 'GOOG', 'XOM', 'ET', 'CAR', 'EBAY', 'MS', 'INTC', 'DE', 'GE', 'AIG', 'OKE', 'CMS', 'T', 'GS', 'WFC', 'UPS', 'PNC', 'LLY', 'COO', 'WY', 'DAL', 'LNG', 'CME', 'AAPL', 'RF', 'AMD', 'BLK', 'PSA', 'FB', 'POOL', 'KO', 'MSCI', 'BAC', 'DIS', 'MGM', 'BSX', 'GIS', 'CSCO', 'JPM', 'VZ', 'C', 'USB', 'AMZN', 'GD', 'CE', 'WMT', 'IP', 'LEA', 'AXP', 'MSFT', 'DUK', 'LUV', 'ADP', 'MO', 'MA', 'PM', 'KR', 'HD', 'NKE', 'IT', 'F', 'BMY', 'PG', 'PCG', 'EA', 'CMCSA', 'ICE', 'GM', 'MCD', 'UNH', 'CRM', 'MAR', 'NTRS', 'KKR', 'JNJ', 'ABT', 'IBM']"
2021-01-17,"['TSLA', 'LLY', 'CNC', 'GM', 'ABC', 'GS', 'DD', 'MA', 'AMZN', 'AMD', 'ET', 'WFC', 'POOL', 'IT', 'CME', 'FB', 'GOOG', 'MS', 'AAL', 'NFLX', 'INTC', 'MSCI', 'V', 'JPM', 'MGM', 'BAC', 'BLK', 'CMCSA', 'CBOE', 'AIG', 'TGT', 'UNH', 'NKE', 'C', 'XOM', 'AAPL', 'CE', 'LNG', 'CI', 'UPS', 'KO', 'BMY', 'FDX', 'CRM', 'BSX', 'GD', 'MO', 'USB', 'T', 'UAL', 'FE', 'WY', 'DIS', 'LEA', 'TSN', 'DAL', 'SO', 'PM', 'PNC', 'NOW', 'PFE', 'CVS', 'MCD', 'KR', 'GE', 'RF', 'IP', 'GIS', 'PG', 'VZ', 'CVX', 'DE', 'CSCO', 'WMT', 'HD', 'HON', 'BX', 'CMS', 'ICE', 'PSA', 'MAR', 'JNJ', 'IBM', 'NDAQ', 'MSFT', 'QCOM', 'EA', 'BK', 'COO', 'F', 'LUV', 'CAR', 'NTRS', 'FOX', 'AXP', 'ABT', 'KKR']"
2021-01-24,"['ET', 'INTC', 'TSLA', 'NFLX', 'GS', 'BK', 'GM', 'F', 'XOM', 'AAPL', 'DD', 'GOOG', 'DFS', 'JPM', 'CRM', 'MA', 'FB', 'KO', 'LNG', 'NOW', 'RF', 'CNC', 'LLY', 'USB', 'BAC', 'AMZN', 'IBM', 'TSN', 'AMD', 'UPS', 'TGT', 'CAR', 'CMCSA', 'EA', 'MAR', 'PFE', 'CME', 'C', 'CVS', 'BSX', 'MGM', 'MS', 'MSCI', 'PCG', 'BMY', 'ABC', 'PG', 'WFC', 'FDX', 'SBUX', 'LEA', 'DIS', 'GE', 'UAL', 'MSFT', 'CVX', 'CI', 'DE', 'GIS', 'CSCO', 'CE', 'QCOM', 'HD', 'T', 'COO', 'UNH', 'NTRS', 'PM', 'ICE', 'VZ', 'CMS', 'KKR', 'KR', 'FE', 'PSA', 'MO', 'JNJ', 'LUV', 'IT', 'WY', 'DUK', 'AXP', 'MCD', 'GD', 'BX', 'DAL', 'IP', 'ABT', 'WMT']"
2021-01-31,"['TSLA', 'GM', 'F', 'NFLX', 'LLY', 'DD', 'ABC', 'ET', 'GS', 'XOM', 'CME', 'MS', 'POOL', 'COO', 'DE', 'LEA', 'WFC', 'AXP', 'INTC', 'KO', 'CVS', 'CVX', 'CMS', 'LNG', 'BAC', 'RF', 'AMD', 'SBUX', 'FE', 'IT', 'UPS', 'HD', 'WY', 'ABBV', 'JPM', 'PNC', 'CE', 'MA', 'MAR', 'CAT', 'C', 'LUV', 'V', 'PSA', 'MSCI', 'AAPL', 'GE', 'CI', 'GOOG', 'VZ', 'PFE', 'UAL', 'NKE', 'FB', 'NTRS', 'HON', 'NOW', 'BSX', 'PCG', 'BLK', 'ABT', 'IBM', 'QCOM', 'GD', 'AAL', 'GIS', 'ADP', 'EBAY', 'AMZN', 'PG', 'IP', 'CAR', 'BX', 'DIS', 'BMY', 'CMCSA', 'WMT', 'MCD', 'KKR', 'PM', 'EA', 'JNJ', 'ICE', 'MO', 'T', 'CSCO', 'DUK', 'KR', 'CRM', 'MSFT']"
2021-02-07,"['MGM', 'MSCI', 'LUV', 'LLY', 'GM', 'MA', 'DIS', 'MAR', 'TSLA', 'POOL', 'NKE', 'WFC', 'USB', 'GOOG', 'RF', 'PNC', 'DFS', 'SBUX', 'AMD', 'C', 'CME', 'FB', 'KKR', 'IP', 'F', 'NTRS', 'BSX', 'MS', 'AXP', 'BMY', 'ORCL', 'DAL', 'ET', 'JPM', 'GD', 'CE', 'KO', 'CSCO', 'BAC', 'INTC', 'CRM', 'IT', 'XOM', 'ADP', 'CNC', 'GS', 'KR', 'AAPL', 'CMCSA', 'EBAY', 'CI', 'LEA', 'QCOM', 'ABBV', 'FE', 'ABC', 'CBOE', 'WY', 'GE', 'DD', 'BK', 'PG', 'TGT', 'LNG', 'BLK', 'MSFT', 'NOW', 'VZ', 'ABT', 'DE', 'PCG', 'COO', 'UPS', 'PFE', 'WMT', 'MCD', 'ICE', 'CAR', 'NDAQ', 'BX', 'IBM', 'AMZN', 'EA', 'PM', 'TSN', 'CVX', 'HD', 'GIS', 'DUK', 'MO', 'CMS', 'FOX', 'T', 'JNJ', 'PSA']"
2021-02-14,"['ET', 'F', 'GOOG', 'IBM', 'BK', 'GM', 'UAL', 'AMD', 'BMY', 'AMZN', 'GS', 'BAC', 'PCG', 'AAPL', 'DD', 'LLY', 'C', 'FB', 'DFS', 'CME', 'CVS', 'POOL', 'UNH', 'LEA', 'MSFT', 'IP', 'DUK', 'USB', 'IT', 'JPM', 'NOW', 'INTC', 'EA', 'ICE', 'CI', 'CNC', 'TGT', 'FOX', 'PFE', 'CE', 'MAR', 'QCOM', 'CSCO', 'COO', 'HD', 'PG', 'KKR', 'DAL', 'CAR', 'FE', 'ORCL', 'LUV', 'ABC', 'AIG', 'BX', 'VZ', 'TSLA', 'PNC', 'CRM', 'MGM', 'CVX', 'WY', 'CMS', 'HON', 'GE', 'RF', 'NKE', 'ABT', 'TSN', 'AXP', 'EBAY', 'KR', 'DIS', 'XOM', 'MS', 'V', 'BSX', 'DE', 'NTRS', 'JNJ', 'BLK', 'MA', 'GIS', 'WFC', 'KEY', 'PM', 'UPS', 'PSA', 'MO', 'GD', 'MSCI', 'WMT', 'LNG', 'NDAQ', 'SO', 'KO']"
2021-02-21,"['MGM', 'FDX', 'KKR', 'MS', 'LEA', 'IT', 'AXP', 'WY', 'CVX', 'WFC', 'AIG', 'USB', 'AMD', 'XOM', 'BAC', 'GS', 'DAL', 'GM', 'NTRS', 'OKE', 'PNC', 'UAL', 'C', 'NFLX', 'V', 'TSLA', 'FB', 'TGT', 'ABT', 'GD', 'GOOG', 'DIS', 'MAR', 'BK', 'RF', 'JPM', 'ET', 'BMY', 'MA', 'AAPL', 'CAT', 'AAL', 'DE', 'CVS', 'NKE', 'GE', 'TSN', 'COO', 'HD', 'LNG', 'MSCI', 'WMT', 'BSX', 'CI', 'ABC', 'INTC', 'VZ', 'DD', 'PFE', 'NOW', 'CMS', 'MSFT', 'CSCO', 'CMCSA', 'UPS', 'SO', 'AMZN', 'CME', 'IBM', 'MCD', 'PM', 'CNC', 'IP', 'PCG', 'FE', 'KO', 'PSA', 'JNJ', 'EA', 'CRM', 'GIS', 'T', 'MO', 'KR', 'ICE']"
2021-02-28,"['WFC', 'TSLA', 'MGM', 'CRM', 'GOOG', 'XOM', 'KKR', 'IT', 'DAL', 'AAL', 'KR', 'KEY', 'INTC', 'UAL', 'LUV', 'IP', 'JPM', 'FE', 'PCG', 'NKE', 'F', 'EA', 'AIG', 'MSCI', 'BSX', 'MAR', 'HD', 'CE', 'WY', 'AMD', 'GD', 'MA', 'AAPL', 'C', 'RF', 'CSCO', 'PFE', 'GS', 'NDAQ', 'GM', 'BAC', 'DIS', 'ABC', 'USB', 'POOL', 'ORCL', 'CNC', 'WMT', 'DD', 'FOX', 'LLY', 'NTRS', 'AMZN', 'CVS', 'MSFT', 'TGT', 'GE', 'ET', 'ABBV', 'KO', 'COO', 'UPS', 'AXP', 'LNG', 'T', 'MS', 'PG', 'CVX', 'LEA', 'GIS', 'JNJ', 'MCD', 'ICE', 'DE', 'HON', 'PM', 'TSN', 'CMS', 'CME', 'MO', 'FB', 'ABT', 'CMCSA', 'VZ', 'BMY', 'PSA', 'ADP', 'IBM']"
2021-03-07,"['FOX', 'TSLA', 'CAR', 'AAL', 'UAL', 'DAL', 'LUV', 'DD', 'POOL', 'DUK', 'XOM', 'ORCL', 'AMD', 'AAPL', 'FE', 'MGM', 'TGT', 'AMZN', 'COO', 'CVX', 'MAR', 'LNG', 'KKR', 'PCG', 'CMS', 'ABC', 'AXP', 'GM', 'EA', 'NKE', 'IP', 'GOOG', 'KR', 'CVS', 'PFE', 'DE', 'TSN', 'ABBV', 'INTC', 'CE', 'PG', 'ET', 'HD', 'WMT', 'FB', 'NDAQ', 'CI', 'JNJ', 'CSCO', 'IT', 'PNC', 'ABT', 'BAC', 'LEA', 'GS', 'CME', 'CMCSA', 'ICE', 'C', 'WFC', 'NFLX', 'GE', 'BMY', 'SBUX', 'BLK', 'USB', 'JPM', 'CNC', 'GD', 'MS', 'WY', 'NTRS', 'GIS', 'PM', 'KO', 'T', 'FDX', 'MSCI', 'F', 'MCD', 'MSFT', 'RF', 'ADP', 'VZ', 'UPS', 'DFS', 'BSX', 'LLY', 'DIS', 'MA', 'MO', 'IBM']"
2021-03-14,"['CAR', 'TSLA', 'AAL', 'GE', 'FOX', 'XOM', 'ORCL', 'AMD', 'UAL', 'FE', 'WMT', 'DAL', 'CSCO', 'WFC', 'ET', 'CVS', 'CME', 'HD', 'F', 'CRM', 'ABC', 'PCG', 'COO', 'ABT', 'QCOM', 'AAPL', 'AIG', 'EBAY', 'AMZN', 'POOL', 'FB', 'CE', 'GM', 'TGT', 'LUV', 'CMS', 'LLY', 'MSFT', 'BAC', 'MAR', 'CVX', 'AXP', 'EA', 'FDX', 'CAT', 'NKE', 'DE', 'IP', 'GS', 'TSN', 'WY', 'MSCI', 'MGM', 'NFLX', 'LEA', 'PFE', 'MO', 'MS', 'JPM', 'PSA', 'KO', 'GOOG', 'KKR', 'JNJ', 'MA', 'VZ', 'IBM', 'RF', 'DD', 'USB', 'BMY', 'C', 'DIS', 'CMCSA', 'DFS', 'GD', 'ICE', 'NTRS', 'BK', 'LNG', 'ABBV', 'HON', 'PG', 'T', 'KR', 'PM', 'UPS', 'GIS', 'IT']"
2021-03-21,"['CAR', 'TSLA', 'XOM', 'PCG', 'AAL', 'ET', 'FOX', 'HD', 'CRM', 'MA', 'CVX', 'WY', 'LNG', 'EA', 'WMT', 'C', 'CE', 'FE', 'LLY', 'AXP', 'CI', 'T', 'F', 'QCOM', 'AAPL', 'WFC', 'LUV', 'GM', 'KR', 'V', 'LEA', 'AMZN', 'ABT', 'MSCI', 'ABC', 'IT', 'FB', 'UPS', 'AMD', 'TSN', 'UAL', 'BX', 'NKE', 'TGT', 'CVS', 'MSFT', 'RF', 'CMS', 'PSA', 'DAL', 'INTC', 'PNC', 'PG', 'MS', 'ICE', 'GS', 'MGM', 'GOOG', 'DIS', 'DUK', 'CMCSA', 'CSCO', 'GIS', 'BMY', 'BK', 'BAC', 'CME', 'KKR', 'JNJ', 'BLK', 'IP', 'KO', 'NTRS', 'MO', 'ORCL', 'POOL', 'PFE', 'IBM', 'MAR', 'PM', 'GE', 'VZ', 'NFLX', 'DE', 'SBUX', 'DD', 'USB', 'JPM', 'MCD', 'ADP', 'GD', 'CNC', 'BSX', 'FDX', 'COO']"
2021-03-28,"['FOX', 'TSLA', 'UAL', 'AAL', 'CAR', 'TGT', 'XOM', 'GM', 'TSN', 'BX', 'FDX', 'EBAY', 'CVX', 'CI', 'ET', 'CME', 'MGM', 'AXP', 'F', 'AMD', 'ABC', 'DAL', 'HD', 'FB', 'BAC', 'LEA', 'NFLX', 'UPS', 'LLY', 'MO', 'AMZN', 'VZ', 'MS', 'GS', 'LNG', 'GE', 'LUV', 'C', 'EA', 'KR', 'PG', 'MAR', 'CSCO', 'BK', 'DFS', 'ICE', 'CRM', 'CE', 'ABT', 'JPM', 'NKE', 'IP', 'PSA', 'T', 'AAPL', 'UNH', 'WFC', 'PCG', 'DIS', 'WMT', 'AIG', 'DUK', 'CMCSA', 'COO', 'DD', 'GOOG', 'NTRS', 'CMS', 'IBM', 'PFE', 'BSX', 'BMY', 'MCD', 'GD', 'USB', 'CVS', 'MSCI', 'WY', 'POOL', 'GIS', 'KKR', 'FE', 'KO', 'DE', 'INTC', 'JNJ', 'BLK', 'MSFT', 'IT', 'MA', 'RF']"
2021-04-04,"['TSLA', 'GE', 'MO', 'ET', 'F', 'UAL', 'TGT', 'COO', 'IBM', 'GM', 'LEA', 'GS', 'C', 'DAL', 'FE', 'EBAY', 'ABC', 'TSN', 'CMS', 'NFLX', 'MGM', 'ADP', 'CSCO', 'LLY', 'WFC', 'V', 'KR', 'NKE', 'CVS', 'DIS', 'LUV', 'MS', 'BSX', 'CRM', 'EA', 'AMZN', 'ABT', 'DFS', 'FB', 'CMCSA', 'MA', 'AMD', 'BLK', 'BAC', 'RF', 'XOM', 'WMT', 'AAPL', 'IP', 'GOOG', 'AXP', 'POOL', 'CME', 'QCOM', 'KO', 'JPM', 'DD', 'PFE', 'UPS', 'DE', 'BMY', 'DUK', 'ICE', 'USB', 'KKR', 'GD', 'PSA', 'MSCI', 'GIS', 'CVX', 'IT', 'PNC', 'VZ', 'MAR', 'JNJ', 'MSFT', 'T', 'ABBV']"
2021-04-11,"['LLY', 'XOM', 'WY', 'V', 'CVX', 'ET', 'MA', 'TSLA', 'AAPL', 'FB', 'UPS', 'AXP', 'MS', 'UAL', 'LNG', 'AAL', 'F', 'FOX', 'GS', 'DIS', 'RF', 'NOW', 'EBAY', 'C', 'INTC', 'LEA', 'GOOG', 'PNC', 'ORCL', 'MGM', 'CMCSA', 'BLK', 'ICE', 'CAR', 'CME', 'PSA', 'EA', 'BX', 'AMD', 'AMZN', 'BSX', 'IT', 'FE', 'HD', 'DD', 'GM', 'KR', 'DAL', 'ADP', 'CE', 'COO', 'TSN', 'QCOM', 'TGT', 'WMT', 'MO', 'PCG', 'MCD', 'PFE', 'NFLX', 'CMS', 'JPM', 'MSCI', 'MSFT', 'GD', 'MAR', 'LUV', 'GE', 'POOL', 'BMY', 'CI', 'WFC', 'CSCO', 'VZ', 'BAC', 'BK', 'CRM', 'T', 'CAT', 'KKR', 'ABC', 'ABT', 'DUK', 'FDX', 'DE', 'PG', 'GIS', 'KO', 'IP', 'NTRS', 'JNJ', 'USB', 'IBM']"
2021-04-18,"['AAL', 'FOX', 'TSLA', 'MGM', 'UAL', 'GM', 'GOOG', 'GS', 'FB', 'INTC', 'F', 'DAL', 'BK', 'IBM', 'FE', 'ORCL', 'JNJ', 'QCOM', 'AMZN', 'CRM', 'MO', 'MAR', 'CVX', 'NKE', 'MS', 'BLK', 'WFC', 'AAPL', 'AMD', 'DIS', 'MSFT', 'GE', 'TGT', 'LEA', 'CAR', 'XOM', 'PG', 'CMS', 'LLY', 'NFLX', 'ET', 'DUK', 'CSCO', 'ADP', 'ABT', 'IP', 'DFS', 'MSCI', 'WMT', 'EBAY', 'PM', 'CMCSA', 'ABC', 'CVS', 'KR', 'CME', 'NDAQ', 'BSX', 'PFE', 'POOL', 'UPS', 'COO', 'PSA', 'WY', 'KO', 'TSN', 'BAC', 'FDX', 'CE', 'JPM', 'LUV', 'CI', 'DD', 'NTRS', 'BMY', 'VZ', 'V', 'C', 'CAT', 'HD', 'LNG', 'USB', 'IT', 'PNC', 'DE', 'HON', 'MA', 'KKR', 'GD', 'UNH', 'MCD', 'BX', 'AXP', 'ICE', 'RF', 'GIS']"
2021-04-25,"['PCG', 'TSLA', 'MO', 'ORCL', 'NFLX', 'INTC', 'AAL', 'GOOG', 'CAR', 'EBAY', 'AMZN', 'WY', 'UAL', 'FOX', 'KR', 'LNG', 'AAPL', 'CNC', 'WFC', 'ABBV', 'POOL', 'UNH', 'HON', 'FB', 'HD', 'EA', 'IP', 'SBUX', 'ABT', 'CVX', 'XOM', 'KKR', 'NKE', 'MSCI', 'RF', 'PFE', 'PM', 'ADP', 'AXP', 'CRM', 'MSFT', 'AMD', 'UPS', 'CVS', 'CSCO', 'MA', 'QCOM', 'BX', 'CE', 'TSN', 'JNJ', 'GM', 'CME', 'MS', 'JPM', 'F', 'CMS', 'IBM', 'CMCSA', 'PNC', 'CBOE', 'DD', 'T', 'ICE', 'FDX', 'USB', 'VZ', 'MGM', 'DE', 'PG', 'DFS', 'DAL', 'PSA', 'LLY', 'MCD', 'CI', 'IT', 'LEA', 'C', 'ET', 'V', 'COO', 'BSX', 'DIS', 'GE', 'WMT', 'ABC', 'SO', 'LUV', 'DUK', 'GIS', 'BK', 'NDAQ', 'BMY', 'GS', 'KO', 'BAC', 'GD', 'MAR', 'FE', 'NTRS']"
2021-05-02,"['UPS', 'NOW', 'EBAY', 'DFS', 'POOL', 'CAR', 'INTC', 'AAL', 'AAPL', 'CNC', 'BX', 'MSFT', 'TSLA', 'IT', 'ICE', 'GOOG', 'BMY', 'CVX', 'KR', 'WFC', 'AMZN', 'COO', 'PSA', 'FB', 'SBUX', 'GM', 'UAL', 'XOM', 'DD', 'DAL', 'BAC', 'MA', 'F', 'MSCI', 'FE', 'NFLX', 'ADP', 'FOX', 'CRM', 'CMS', 'MGM', 'CME', 'MO', 'IBM', 'T', 'CE', 'RF', 'BLK', 'GS', 'DIS', 'TGT', 'JPM', 'MS', 'GE', 'LLY', 'ABT', 'BSX', 'WY', 'CSCO', 'AXP', 'LUV', 'PFE', 'USB', 'PM', 'CAT', 'C', 'JNJ', 'ET', 'GIS', 'NKE', 'MCD', 'PCG', 'CBOE', 'CI', 'LNG', 'WMT', 'KKR', 'ABC', 'ABBV', 'HD', 'AMD', 'QCOM', 'V', 'GD', 'VZ', 'KO', 'DE', 'CVS', 'IP', 'CMCSA', 'AIG', 'NTRS', 'PG', 'DUK', 'OKE', 'SO', 'MAR']"
2021-05-09,"['CAR', 'BK', 'CNC', 'IT', 'INTC', 'TSLA', 'DAL', 'AAL', 'UPS', 'NOW', 'F', 'CE', 'MO', 'EBAY', 'ET', 'FB', 'GE', 'CVS', 'FE', 'DFS', 'COO', 'NFLX', 'XOM', 'BSX', 'BMY', 'LLY', 'POOL', 'JNJ', 'DE', 'SBUX', 'JPM', 'CAT', 'WFC', 'WY', 'AMZN', 'MS', 'AMD', 'MGM', 'PFE', 'BAC', 'HD', 'GIS', 'FDX', 'PNC', 'LNG', 'DD', 'C', 'CMS', 'BLK', 'QCOM', 'CSCO', 'KR', 'AIG', 'GS', 'ICE', 'IBM', 'MSCI', 'PSA', 'SO', 'DIS', 'IP', 'CI', 'KKR', 'NKE', 'CVX', 'TSN', 'LUV', 'PM', 'GM', 'WMT', 'CMCSA', 'MA', 'V', 'ABT', 'T', 'NTRS', 'ABC', 'FOX', 'GOOG', 'AAPL', 'DUK', 'PG', 'MAR', 'KO', 'RF', 'LEA', 'AXP', 'VZ', 'ADP', 'NDAQ', 'CME', 'MSFT', 'USB', 'TGT', 'EA', 'GD', 'MCD']"
2021-05-16,"['IT', 'MO', 'TSLA', 'ET', 'INTC', 'UPS', 'NFLX', 'BX', 'AXP', 'FDX', 'EBAY', 'POOL', 'ORCL', 'NOW', 'CVS', 'CE', 'QCOM', 'IBM', 'KKR', 'WY', 'RF', 'PNC', 'LNG', 'NKE', 'DIS', 'GM', 'CNC', 'COO', 'AMD', 'NTRS', 'BK', 'XOM', 'LEA', 'MS', 'CME', 'AMZN', 'CAR', 'HD', 'GS', 'DE', 'BSX', 'AAPL', 'CRM', 'JPM', 'IP', 'MSCI', 'MSFT', 'KEY', 'ABBV', 'ICE', 'GOOG', 'MA', 'BAC', 'FB', 'VZ', 'PSA', 'TGT', 'WMT', 'CVX', 'DAL', 'USB', 'C', 'EA', 'MAR', 'DD', 'ABC', 'CSCO', 'FOX', 'ABT', 'MCD', 'PG', 'MGM', 'CMS', 'CMCSA', 'T', 'CI', 'AIG', 'LUV', 'WFC', 'GD', 'LLY', 'FE', 'PFE', 'V', 'NDAQ', 'JNJ', 'BMY', 'GE', 'DUK', 'TSN', 'PM', 'GIS', 'KR', 'KO']"
2021-05-23,"['EBAY', 'ET', 'IT', 'CNC', 'UPS', 'TSLA', 'F', 'BMY', 'PNC', 'CMCSA', 'LNG', 'DE', 'CAR', 'XOM', 'ICE', 'CVX', 'KEY', 'CE', 'CBOE', 'HD', 'ADP', 'CAT', 'MSFT', 'T', 'FB', 'LLY', 'MGM', 'FOX', 'AAPL', 'GE', 'PCG', 'RF', 'BK', 'CME', 'IBM', 'KR', 'AMD', 'ABT', 'NTRS', 'USB', 'UAL', 'CRM', 'CVS', 'WY', 'AMZN', 'AXP', 'GOOG', 'MS', 'MAR', 'COO', 'CSCO', 'BAC', 'FE', 'VZ', 'DIS', 'BSX', 'GS', 'WFC', 'C', 'NKE', 'IP', 'SBUX', 'POOL', 'PSA', 'LUV', 'MSCI', 'LEA', 'ABC', 'JPM', 'EA', 'MO', 'TGT', 'CI', 'DAL', 'MA', 'AAL', 'GIS', 'JNJ', 'KKR', 'BLK', 'PG', 'KO', 'GD', 'DD', 'GM', 'BX', 'PM', 'PFE', 'NFLX', 'NDAQ', 'DUK', 'WMT', 'CMS']"
2021-05-30,"['IT', 'TSLA', 'ET', 'CAR', 'CVS', 'CNC', 'CRM', 'AMZN', 'XOM', 'F', 'NOW', 'WY', 'DE', 'CVX', 'PNC', 'DIS', 'QCOM', 'EBAY', 'AAPL', 'FB', 'LLY', 'DAL', 'AAL', 'BMY', 'AMD', 'PCG', 'ABC', 'KKR', 'POOL', 'CMCSA', 'T', 'CE', 'LEA', 'TGT', 'CI', 'BLK', 'COO', 'ADP', 'LNG', 'ICE', 'NFLX', 'MA', 'CMS', 'MSCI', 'MS', 'AXP', 'CME', 'MSFT', 'HON', 'PFE', 'ABBV', 'MAR', 'UPS', 'DD', 'GOOG', 'DUK', 'NKE', 'LUV', 'RF', 'ABT', 'BSX', 'IP', 'PSA', 'KR', 'HD', 'GD', 'MCD', 'V', 'C', 'BK', 'CSCO', 'IBM', 'JPM', 'BAC', 'JNJ', 'MO', 'NTRS', 'UAL', 'GS', 'MGM', 'INTC', 'GM', 'VZ', 'SO', 'GIS', 'GE', 'PM', 'EA', 'WMT', 'BX', 'WFC', 'USB', 'FE', 'NDAQ', 'FOX', 'KO']"
2021-06-06,"['TSLA', 'F', 'GM', 'AMD', 'DIS', 'GOOG', 'HD', 'ABT', 'BSX', 'ABC', 'AAPL', 'KKR', 'INTC', 'COO', 'JNJ', 'BX', 'XOM', 'EBAY', 'MSCI', 'ET', 'CRM', 'CAR', 'MGM', 'AAL', 'DE', 'PFE', 'MA', 'NKE', 'LUV', 'ICE', 'GE', 'GD', 'T', 'CMS', 'EA', 'FOX', 'VZ', 'AMZN', 'CE', 'NFLX', 'MAR', 'RF', 'BAC', 'UPS', 'CI', 'CVS', 'BLK', 'DUK', 'V', 'FB', 'IT', 'GS', 'ABBV', 'MSFT', 'PNC', 'ADP', 'CMCSA', 'CSCO', 'BMY', 'NTRS', 'PG', 'JPM', 'AIG', 'WMT', 'GIS', 'PSA', 'KEY', 'MS', 'IP', 'C', 'WFC', 'LNG', 'AXP', 'PM', 'USB', 'NDAQ', 'LLY', 'DD', 'IBM']"
2021-06-13,"['F', 'CAT', 'LLY', 'GM', 'CAR', 'T', 'DE', 'CMCSA', 'COO', 'PCG', 'ABT', 'CE', 'RF', 'MS', 'CVX', 'NOW', 'WY', 'PNC', 'LEA', 'WFC', 'CVS', 'POOL', 'XOM', 'CI', 'UPS', 'AAL', 'LUV', 'GS', 'GE', 'AMD', 'CNC', 'BAC', 'CMS', 'BMY', 'JPM', 'MAR', 'C', 'HON', 'IT', 'USB', 'DAL', 'HD', 'NKE', 'VZ', 'AAPL', 'GIS', 'DUK', 'TGT', 'ABBV', 'JNJ', 'ABC', 'DD', 'KR', 'PFE', 'TSLA', 'AMZN', 'ORCL', 'MGM', 'CRM', 'GOOG', 'MSFT', 'NTRS', 'ICE', 'GD', 'ET', 'KKR', 'IP', 'SBUX', 'PG', 'MO', 'INTC', 'LNG', 'FE', 'BX', 'AXP', 'UAL', 'EBAY', 'DIS', 'MA', 'KO', 'CME', 'NFLX', 'PSA', 'WMT', 'FB', 'CSCO', 'MCD', 'MSCI', 'QCOM', 'IBM']"
2021-06-20,"['CAR', 'LEA', 'C', 'ET', 'IBM', 'F', 'CE', 'RF', 'MGM', 'GE', 'ABC', 'CAT', 'FDX', 'JPM', 'ORCL', 'LLY', 'IP', 'MS', 'WFC', 'LNG', 'NOW', 'EBAY', 'WY', 'GM', 'PFE', 'AAL', 'BAC', 'MO', 'DD', 'LUV', 'CI', 'CVS', 'PNC', 'USB', 'NTRS', 'CMS', 'CSCO', 'TSLA', 'DE', 'GS', 'MAR', 'DAL', 'BLK', 'ABBV', 'DUK', 'CVX', 'AMZN', 'HON', 'UPS', 'GIS', 'XOM', 'FE', 'ADP', 'EA', 'GOOG', 'PG', 'T', 'WMT', 'VZ', 'NKE', 'DIS', 'BK', 'INTC', 'AXP', 'AAPL', 'GD', 'HD', 'BMY', 'SBUX', 'ABT', 'COO', 'MSFT', 'KO', 'CBOE', 'KR', 'CNC', 'ICE', 'CMCSA', 'JNJ', 'CRM', 'UNH', 'AMD', 'TGT', 'FB', 'BSX', 'FOX', 'PSA', 'CME', 'MA', 'IT', 'BX', 'MSCI', 'MCD', 'POOL', 'NFLX', 'KKR', 'NDAQ']"
2021-06-27,"['NKE', 'NOW', 'GS', 'ET', 'TSLA', 'WFC', 'RF', 'LUV', 'DE', 'ABT', 'LEA', 'F', 'MS', 'UPS', 'TSN', 'CI', 'WY', 'C', 'FDX', 'BAC', 'AIG', 'NTRS', 'GM', 'KKR', 'UNH', 'CAT', 'DD', 'XOM', 'USB', 'CAR', 'JPM', 'AMZN', 'AXP', 'EBAY', 'DIS', 'HD', 'AAL', 'CE', 'IP', 'DAL', 'UAL', 'GOOG', 'COO', 'LNG', 'ADP', 'CNC', 'CME', 'CVX', 'CVS', 'GE', 'JNJ', 'GIS', 'ABBV', 'WMT', 'AAPL', 'CMS', 'T', 'LLY', 'CSCO', 'KO', 'FOX', 'MO', 'MCD', 'MAR', 'GD', 'KR', 'ICE', 'MSCI', 'PCG', 'TGT', 'CRM', 'FB', 'NFLX', 'FE', 'VZ', 'PFE', 'CMCSA', 'POOL', 'EA', 'INTC', 'PG', 'BX', 'NDAQ', 'AMD', 'PSA', 'BMY', 'IBM', 'MSFT', 'BSX', 'IT', 'PM', 'ABC', 'DUK', 'MA']"
2021-07-04,"['CAR', 'NKE', 'LLY', 'ET', 'FB', 'CE', 'JPM', 'IBM', 'AMD', 'DD', 'TSLA', 'MS', 'AMZN', 'WFC', 'C', 'MSCI', 'GS', 'F', 'LEA', 'GIS', 'CBOE', 'BAC', 'HON', 'UPS', 'GM', 'RF', 'TSN', 'UAL', 'NTRS', 'GOOG', 'KKR', 'CI', 'ABT', 'DE', 'LUV', 'COO', 'PFE', 'MSFT', 'EA', 'PSA', 'CVS', 'NFLX', 'ICE', 'PNC', 'AAPL', 'XOM', 'CMS', 'IP', 'DAL', 'GE', 'WMT', 'UNH', 'CSCO', 'WY', 'CME', 'CVX', 'FE', 'VZ', 'GD', 'MGM', 'JNJ', 'MA', 'BX', 'BMY', 'CNC', 'POOL', 'KR', 'MO', 'ABC', 'AXP', 'CRM', 'HD', 'ADP', 'INTC', 'PM', 'BSX', 'IT', 'PCG', 'LNG', 'CMCSA', 'V', 'TGT', 'MAR', 'MCD']"
2021-07-11,"['LEA', 'C', 'KEY', 'NKE', 'WFC', 'RF', 'MS', 'AMD', 'CE', 'BAC', 'ET', 'MGM', 'USB', 'JPM', 'DD', 'NTRS', 'GS', 'IP', 'PNC', 'GE', 'CVX', 'F', 'LNG', 'TSN', 'BLK', 'TSLA', 'BK', 'AMZN', 'CSCO', 'CMS', 'LUV', 'ABC', 'GM', 'IBM', 'MO', 'XOM', 'CI', 'PFE', 'NOW', 'MSCI', 'INTC', 'DE', 'PCG', 'FE', 'GIS', 'CVS', 'VZ', 'AAPL', 'IT', 'WMT', 'DUK', 'MAR', 'GD', 'MSFT', 'HD', 'FB', 'NFLX', 'UPS', 'KO', 'ABBV', 'COO', 'ICE', 'V', 'BMY', 'T', 'ABT', 'GOOG', 'KKR', 'BSX', 'KR', 'JNJ', 'CRM', 'PM', 'MA']"
2021-07-18,"['NKE', 'UAL', 'ET', 'MGM', 'WFC', 'C', 'AMZN', 'AAL', 'IP', 'BK', 'AMD', 'BAC', 'COO', 'LUV', 'DAL', 'LNG', 'PNC', 'IT', 'AAPL', 'TSLA', 'CAR', 'FB', 'CE', 'RF', 'EBAY', 'AXP', 'PCG', 'GE', 'GM', 'ABT', 'NTRS', 'KKR', 'WY', 'LLY', 'ICE', 'MAR', 'JPM', 'BLK', 'TGT', 'GS', 'MSFT', 'CVS', 'AIG', 'DE', 'UPS', 'BSX', 'TSN', 'NFLX', 'MS', 'T', 'CRM', 'HD', 'MSCI', 'MA', 'INTC', 'IBM', 'PFE', 'JNJ', 'GOOG', 'CMCSA', 'CME', 'CMS', 'EA', 'QCOM', 'UNH', 'DD', 'KR', 'PM', 'DUK', 'BX', 'USB', 'ABBV', 'ADP', 'PG', 'MO', 'DIS', 'CI', 'CNC', 'BMY', 'GD', 'VZ', 'FE', 'KO', 'ABC', 'PSA', 'WMT', 'NDAQ', 'MCD', 'CSCO', 'GIS']"
2021-07-25,"['AMD', 'PCG', 'UAL', 'AAL', 'FOX', 'FB', 'KKR', 'MGM', 'AAPL', 'WFC', 'BAC', 'KEY', 'XOM', 'AIG', 'DAL', 'GM', 'ET', 'LUV', 'F', 'IBM', 'INTC', 'MSFT', 'AMZN', 'EBAY', 'CVS', 'GOOG', 'ORCL', 'DD', 'CVX', 'ABC', 'CRM', 'OKE', 'LEA', 'RF', 'PNC', 'DFS', 'BX', 'KR', 'CME', 'FE', 'CNC', 'CMS', 'MAR', 'QCOM', 'NKE', 'DIS', 'C', 'EA', 'CSCO', 'USB', 'SBUX', 'DE', 'NFLX', 'LLY', 'IP', 'NTRS', 'GE', 'ABT', 'HON', 'POOL', 'DUK', 'PSA', 'CMCSA', 'LNG', 'TSLA', 'UNH', 'JNJ', 'MS', 'KO', 'HD', 'CI', 'CE', 'MCD', 'IT', 'ADP', 'GS', 'BSX', 'PM', 'ICE', 'UPS', 'GIS', 'PFE', 'VZ', 'FDX', 'WY', 'BLK', 'BMY', 'TGT', 'MSCI', 'MA', 'V', 'COO', 'T', 'MO', 'JPM', 'SO', 'PG', 'NDAQ', 'AXP', 'GD']"
2021-08-01,"['PCG', 'CAR', 'TSLA', 'BAC', 'EBAY', 'FB', 'AMD', 'WY', 'AMZN', 'UPS', 'ET', 'KEY', 'MGM', 'CNC', 'LUV', 'SBUX', 'GM', 'F', 'BX', 'XOM', 'WFC', 'PNC', 'NTRS', 'BK', 'MA', 'INTC', 'NFLX', 'AAPL', 'EA', 'AIG', 'IP', 'FOX', 'RF', 'ABC', 'LEA', 'CI', 'CVX', 'CRM', 'CE', 'GOOG', 'OKE', 'MS', 'JNJ', 'MSFT', 'LNG', 'POOL', 'HD', 'CME', 'DD', 'CAT', 'GIS', 'NDAQ', 'V', 'KR', 'PSA', 'USB', 'GE', 'C', 'T', 'CVS', 'GS', 'MAR', 'GD', 'MCD', 'AXP', 'BMY', 'VZ', 'CMS', 'LLY', 'JPM', 'DIS', 'FE', 'PFE', 'MO', 'NOW', 'MSCI', 'KKR', 'ABBV', 'ICE', 'CBOE', 'PM', 'KO', 'TGT', 'IBM', 'NKE', 'COO', 'PG', 'ABT', 'WMT', 'QCOM', 'CSCO', 'DUK', 'HON', 'DE', 'BSX', 'CMCSA', 'ADP', 'IT']"
2021-08-08,"['ET', 'AMD', 'UAL', 'MGM', 'LEA', 'COO', 'MAR', 'DAL', 'CI', 'BAC', 'XOM', 'AMZN', 'AAL', 'BX', 'PCG', 'GM', 'F', 'LNG', 'POOL', 'PNC', 'LUV', 'WY', 'CAT', 'CVX', 'GE', 'RF', 'BSX', 'AIG', 'ABC', 'KEY', 'BLK', 'CRM', 'JPM', 'QCOM', 'EA', 'CNC', 'CE', 'FOX', 'INTC', 'IP', 'TSN', 'EBAY', 'DD', 'NFLX', 'WFC', 'PFE', 'FDX', 'TSLA', 'MA', 'NTRS', 'UPS', 'ADP', 'C', 'FB', 'KKR', 'MCD', 'IT', 'GS', 'LLY', 'DFS', 'T', 'PSA', 'GOOG', 'MS', 'AXP', 'ICE', 'KO', 'HON', 'PG', 'GIS', 'NOW', 'DE', 'NDAQ', 'MO', 'JNJ', 'IBM', 'SBUX', 'USB', 'NKE', 'DUK', 'PM', 'CVS', 'MSCI', 'CSCO', 'ABT', 'CMS', 'CME', 'KR', 'CMCSA', 'VZ', 'BMY', 'MSFT', 'AAPL', 'HD', 'TGT', 'DIS', 'FE', 'WMT', 'GD']"
2021-08-15,"['AMD', 'TSN', 'EBAY', 'PCG', 'KKR', 'CAR', 'CNC', 'AIG', 'ET', 'BX', 'IT', 'PFE', 'LLY', 'INTC', 'CI', 'MAR', 'FB', 'MS', 'ABC', 'NFLX', 'GIS', 'MA', 'AMZN', 'UPS', 'CVS', 'DFS', 'NKE', 'MGM', 'FE', 'T', 'BAC', 'MCD', 'WFC', 'GS', 'WY', 'CE', 'NTRS', 'UAL', 'AXP', 'GD', 'IBM', 'DE', 'NDAQ', 'MSCI', 'GM', 'EA', 'BSX', 'PNC', 'KEY', 'VZ', 'C', 'TSLA', 'RF', 'DD', 'USB', 'TGT', 'GOOG', 'JPM', 'ICE', 'DIS', 'PG', 'DAL', 'IP', 'CRM', 'COO', 'F', 'BMY', 'LUV', 'HON', 'ABT', 'JNJ', 'MSFT', 'LEA', 'CMS', 'AAPL', 'KR', 'CMCSA', 'MO', 'KO', 'CVX', 'HD', 'CME', 'FOX', 'POOL', 'CSCO', 'LNG', 'DUK', 'GE', 'BLK', 'PM', 'WMT']"
2021-08-22,"['AMD', 'EBAY', 'AMZN', 'LEA', 'TSN', 'IT', 'WFC', 'TSLA', 'UPS', 'PFE', 'GM', 'ET', 'DE', 'CAR', 'MGM', 'CNC', 'MAR', 'BAC', 'F', 'CAT', 'FB', 'CE', 'UAL', 'MS', 'CME', 'PCG', 'USB', 'CI', 'GE', 'IBM', 'DD', 'KR', 'LUV', 'KKR', 'XOM', 'COO', 'CVX', 'HD', 'AAPL', 'ICE', 'GS', 'T', 'DIS', 'RF', 'WY', 'PNC', 'AXP', 'CRM', 'LNG', 'MA', 'VZ', 'BSX', 'GOOG', 'ABBV', 'MSCI', 'EA', 'LLY', 'TGT', 'PG', 'NFLX', 'FOX', 'INTC', 'MSFT', 'IP', 'BMY', 'POOL', 'NKE', 'ABC', 'PM', 'WMT', 'ORCL', 'MCD', 'GIS', 'MO', 'CSCO', 'KO', 'CMCSA', 'CVS', 'BLK', 'NTRS', 'GD', 'JNJ', 'ABT', 'DUK', 'FE', 'SO', 'CMS', 'NOW', 'PSA']"
2021-08-29,"['MGM', 'CI', 'GM', 'LLY', 'PFE', 'TSN', 'KR', 'LEA', 'ET', 'EBAY', 'EA', 'COO', 'LUV', 'UAL', 'AMD', 'PSA', 'JPM', 'WFC', 'MAR', 'PCG', 'AAL', 'DE', 'XOM', 'KKR', 'GE', 'DAL', 'GIS', 'TSLA', 'BX', 'RF', 'AXP', 'CME', 'AMZN', 'ABC', 'MS', 'PNC', 'F', 'IT', 'LNG', 'MCD', 'C', 'BAC', 'CAT', 'GS', 'JNJ', 'CAR', 'CVS', 'WMT', 'MSFT', 'GOOG', 'CE', 'MA', 'USB', 'FB', 'CMS', 'FOX', 'BSX', 'KEY', 'MSCI', 'SO', 'VZ', 'OKE', 'AAPL', 'NTRS', 'NKE', 'ABBV', 'CVX', 'ADP', 'NOW', 'NFLX', 'INTC', 'KO', 'BMY', 'PG', 'HD', 'DUK', 'DD', 'ICE', 'WY', 'CRM', 'UPS', 'POOL', 'CSCO', 'ABT', 'FE', 'GD', 'PM', 'IBM', 'DIS', 'MO', 'CMCSA', 'IP']"
2021-09-05,"['AAL', 'TSN', 'EBAY', 'AXP', 'GM', 'WFC', 'DFS', 'ABBV', 'MAR', 'LUV', 'PFE', 'CAR', 'LEA', 'MA', 'RF', 'UAL', 'CNC', 'CE', 'ICE', 'F', 'KKR', 'ET', 'DD', 'CVS', 'USB', 'GOOG', 'CME', 'MS', 'BAC', 'TSLA', 'NOW', 'PCG', 'CMS', 'LLY', 'CRM', 'DAL', 'GS', 'AMZN', 'ABC', 'DE', 'NKE', 'XOM', 'PM', 'LNG', 'FB', 'CAT', 'C', 'UPS', 'KEY', 'MGM', 'ADP', 'NFLX', 'PNC', 'INTC', 'KR', 'COO', 'GIS', 'AMD', 'UNH', 'CVX', 'WMT', 'HON', 'AAPL', 'MO', 'BMY', 'IBM', 'NTRS', 'BX', 'IT', 'POOL', 'PSA', 'JPM', 'CSCO', 'IP', 'FOX', 'FE', 'GE', 'DUK', 'CMCSA', 'BSX', 'GD', 'MSFT', 'PG', 'EA', 'JNJ', 'WY', 'NDAQ', 'DIS', 'MCD', 'MSCI', 'ABT', 'VZ', 'KO', 'HD', 'CI']"
2021-09-12,"['DE', 'ET', 'KR', 'GM', 'AMD', 'NOW', 'XOM', 'AAL', 'CAT', 'UAL', 'MGM', 'WFC', 'CVX', 'F', 'TSLA', 'DFS', 'CE', 'GE', 'BX', 'DAL', 'LNG', 'DD', 'NFLX', 'CAR', 'CME', 'TSN', 'C', 'IBM', 'COO', 'MS', 'KKR', 'JPM', 'AMZN', 'GS', 'KEY', 'CRM', 'CI', 'BAC', 'IP', 'BMY', 'INTC', 'T', 'NTRS', 'FE', 'DIS', 'GIS', 'RF', 'CMCSA', 'CVS', 'NDAQ', 'AAPL', 'ORCL', 'JNJ', 'MA', 'PSA', 'HD', 'IT', 'PFE', 'CSCO', 'BLK', 'MAR', 'MSFT', 'ABC', 'FOX', 'MSCI', 'PM', 'ICE', 'CMS', 'FB', 'EA', 'BSX', 'WMT', 'UPS', 'DUK', 'GOOG', 'ABT', 'PCG', 'PG', 'GD']"
2021-09-19,"['MGM', 'CAR', 'LEA', 'ET', 'COO', 'AAL', 'DE', 'PFE', 'BK', 'UAL', 'LLY', 'WFC', 'POOL', 'BMY', 'FB', 'DAL', 'TSN', 'KR', 'DFS', 'GM', 'EA', 'OKE', 'ABBV', 'TSLA', 'NKE', 'JNJ', 'F', 'DUK', 'NTRS', 'SBUX', 'PSA', 'BX', 'GIS', 'LUV', 'AMD', 'QCOM', 'NFLX', 'FE', 'GS', 'CMS', 'PG', 'BLK', 'SO', 'LNG', 'IP', 'AXP', 'USB', 'UNH', 'WMT', 'KO', 'DD', 'KKR', 'CNC', 'KEY', 'CMCSA', 'CVS', 'CE', 'IT', 'AMZN', 'XOM', 'JPM', 'RF', 'FOX', 'ORCL', 'AAPL', 'EBAY', 'ADP', 'MCD', 'IBM', 'C', 'MS', 'CAT', 'PCG', 'DIS', 'CVX', 'MAR', 'PNC', 'VZ', 'BAC', 'GE', 'CME', 'NOW', 'MA', 'AIG', 'ABT', 'GD', 'WY', 'MO', 'MSFT', 'FDX', 'UPS', 'T', 'CRM', 'TGT', 'CSCO', 'GOOG', 'HD', 'V', 'INTC', 'NDAQ', 'PM', 'MSCI', 'CI', 'ICE', 'ABC', 'BSX']"
2021-09-26,"['WFC', 'FDX', 'DAL', 'UAL', 'LUV', 'DFS', 'KR', 'LNG', 'ABBV', 'BK', 'BX', 'V', 'NKE', 'AXP', 'NTRS', 'CE', 'AAL', 'RF', 'LLY', 'GS', 'AMD', 'ET', 'DE', 'BLK', 'NOW', 'LEA', 'DD', 'POOL', 'PFE', 'FB', 'BMY', 'PSA', 'CMS', 'KKR', 'EA', 'F', 'CMCSA', 'CAT', 'QCOM', 'MS', 'PNC', 'MGM', 'TGT', 'COO', 'MA', 'DIS', 'CRM', 'XOM', 'NDAQ', 'JPM', 'KEY', 'ADP', 'JNJ', 'CVX', 'CNC', 'UNH', 'GM', 'CME', 'USB', 'BAC', 'C', 'FOX', 'GD', 'TSLA', 'MAR', 'TSN', 'DUK', 'AAPL', 'PM', 'ORCL', 'ABT', 'SO', 'MSCI', 'INTC', 'FE', 'KO', 'PCG', 'NFLX', 'GOOG', 'IP', 'CVS', 'AIG', 'EBAY', 'ABC', 'CSCO', 'MO', 'GE', 'WMT', 'CI', 'MCD', 'AMZN', 'GIS', 'HD', 'CBOE', 'UPS', 'PG', 'ICE', 'T', 'VZ', 'BSX', 'MSFT', 'OKE', 'WY', 'SBUX', 'IT', 'IBM']"
2021-10-03,"['CAR', 'WY', 'KR', 'EA', 'CRM', 'CNC', 'NOW', 'PM', 'LLY', 'BX', 'FDX', 'UNH', 'EBAY', 'IT', 'POOL', 'COO', 'MAR', 'DE', 'MSCI', 'ABBV', 'UAL', 'CMCSA', 'FE', 'AAL', 'QCOM', 'AXP', 'CAT', 'JNJ', 'LUV', 'CVS', 'ET', 'BLK', 'NTRS', 'MO', 'AAPL', 'ABT', 'CI', 'DAL', 'AMD', 'DFS', 'WMT', 'CSCO', 'PFE', 'FB', 'GS', 'TGT', 'NKE', 'UPS', 'PSA', 'BMY', 'MSFT', 'TSN', 'AMZN', 'KO', 'FOX', 'GOOG', 'ICE', 'PCG', 'LEA', 'MS', 'KKR', 'CME', 'ABC', 'AIG', 'BK', 'IP', 'CMS', 'VZ', 'OKE', 'NDAQ', 'DD', 'DUK', 'LNG', 'ADP', 'CE', 'GM', 'ORCL', 'USB', 'PG', 'GD', 'C', 'GE', 'F', 'BSX', 'SO', 'CVX', 'T', 'HD', 'XOM', 'MCD', 'WFC', 'BAC', 'INTC', 'JPM', 'RF', 'KEY', 'SBUX', 'MGM', 'TSLA', 'CBOE', 'V', 'DIS', 'GIS', 'MA', 'NFLX', 'IBM', 'PNC']"
2021-10-10,"['CAR', 'FB', 'EA', 'AAL', 'UAL', 'PCG', 'DAL', 'BX', 'KKR', 'LUV', 'GS', 'POOL', 'SBUX', 'NKE', 'ICE', 'FDX', 'LNG', 'QCOM', 'NTRS', 'COO', 'GM', 'BLK', 'KR', 'BMY', 'MGM', 'SO', 'EBAY', 'PFE', 'F', 'PSA', 'AAPL', 'KEY', 'CMCSA', 'UPS', 'XOM', 'FOX', 'IBM', 'DUK', 'GD', 'CRM', 'CE', 'LLY', 'WMT', 'ORCL', 'FE', 'AMZN', 'AXP', 'CNC', 'ADP', 'MAR', 'CBOE', 'TGT', 'RF', 'UNH', 'CMS', 'HON', 'GE', 'ABT', 'AMD', 'ET', 'DD', 'PG', 'PM', 'PNC', 'IT', 'DE', 'MSCI', 'NOW', 'BK', 'MO', 'OKE', 'AIG', 'WY', 'GOOG', 'TSLA', 'MA', 'CAT', 'BSX', 'LEA', 'JNJ', 'IP', 'KO', 'CSCO', 'USB', 'NDAQ', 'CI', 'ABC', 'ABBV', 'WFC', 'MCD', 'CVX', 'MS', 'V', 'DIS', 'TSN', 'MSFT', 'BAC', 'HD', 'DFS', 'NFLX', 'VZ', 'JPM', 'INTC', 'C', 'CME', 'GIS', 'CVS', 'T']"
2021-10-17,"['CAR', 'FDX', 'BX', 'LUV', 'LNG', 'KKR', 'DAL', 'MGM', 'TGT', 'CRM', 'EA', 'FB', 'GM', 'AAL', 'UAL', 'CI', 'XOM', 'NKE', 'MSCI', 'AMZN', 'USB', 'PSA', 'DIS', 'CVX', 'BLK', 'COO', 'KEY', 'CMCSA', 'NOW', 'T', 'CE', 'ICE', 'AMD', 'ET', 'WMT', 'SO', 'AXP', 'PM', 'UNH', 'CME', 'CNC', 'AIG', 'ABC', 'FOX', 'JPM', 'BMY', 'BAC', 'DE', 'F', 'ORCL', 'IBM', 'KR', 'OKE', 'CVS', 'IT', 'AAPL', 'PFE', 'ABBV', 'ABT', 'RF', 'UPS', 'DFS', 'TSLA', 'NFLX', 'BSX', 'BK', 'ADP', 'NTRS', 'CMS', 'GE', 'IP', 'HD', 'VZ', 'PCG', 'PNC', 'GOOG', 'V', 'LEA', 'QCOM', 'MO', 'MAR', 'INTC', 'JNJ', 'KO', 'CAT', 'EBAY', 'FE', 'CSCO', 'DUK', 'MA', 'MCD', 'MS', 'C', 'MSFT', 'WFC', 'WY', 'SBUX', 'GD', 'NDAQ', 'PG', 'GIS', 'TSN', 'CBOE', 'LLY', 'DD', 'GS']"
2021-10-24,"['CAR', 'MSCI', 'LNG', 'POOL', 'BX', 'IBM', 'PCG', 'FB', 'LEA', 'TGT', 'NOW', 'EBAY', 'INTC', 'ICE', 'BLK', 'EA', 'IT', 'WY', 'ABT', 'MO', 'GOOG', 'COO', 'UNH', 'GM', 'F', 'DAL', 'KKR', 'PM', 'AAL', 'PFE', 'LUV', 'AMZN', 'PG', 'UAL', 'ET', 'CRM', 'UPS', 'QCOM', 'DFS', 'DE', 'WMT', 'ABC', 'AIG', 'CE', 'KEY', 'GS', 'TSN', 'AMD', 'OKE', 'TSLA', 'PSA', 'MS', 'AAPL', 'MSFT', 'XOM', 'DIS', 'HON', 'KR', 'BSX', 'SO', 'NKE', 'NTRS', 'MAR', 'BK', 'PNC', 'MCD', 'CSCO', 'BAC', 'CNC', 'BMY', 'FE', 'JNJ', 'KO', 'CVX', 'MGM', 'RF', 'HD', 'NDAQ', 'NFLX', 'CME', 'FOX', 'CMS', 'ORCL', 'ADP', 'SBUX', 'T', 'IP', 'USB', 'LLY', 'DUK', 'DD', 'CMCSA', 'CAT', 'C', 'FDX', 'CI', 'ABBV', 'CBOE', 'V', 'GD', 'VZ', 'GIS', 'AXP', 'JPM', 'GE', 'WFC', 'MA', 'CVS']"
2021-10-31,"['CAR', 'TSLA', 'PCG', 'AAL', 'GM', 'UNH', 'EBAY', 'DAL', 'NTRS', 'BX', 'ICE', 'DFS', 'KKR', 'CMCSA', 'SBUX', 'CE', 'MO', 'AMD', 'FB', 'LUV', 'V', 'IP', 'UAL', 'BK', 'IBM', 'AXP', 'MA', 'FOX', 'POOL', 'ORCL', 'BSX', 'TGT', 'BLK', 'ET', 'PNC', 'F', 'RF', 'AIG', 'BMY', 'MGM', 'CME', 'USB', 'COO', 'NKE', 'KEY', 'NOW', 'BAC', 'WY', 'GS', 'UPS', 'PSA', 'TSN', 'INTC', 'EA', 'DIS', 'LNG', 'CI', 'PM', 'AAPL', 'MSFT', 'DD', 'CNC', 'JNJ', 'HD', 'KO', 'PG', 'OKE', 'C', 'GOOG', 'GD', 'ADP', 'WMT', 'LEA', 'T', 'QCOM', 'NFLX', 'MSCI', 'CMS', 'IT', 'ABT', 'CVX', 'LLY', 'WFC', 'ABC', 'GIS', 'CRM', 'FDX', 'DUK', 'MCD', 'AMZN', 'CBOE', 'SO', 'VZ', 'FE', 'PFE', 'KR', 'XOM', 'GE', 'ABBV', 'MS', 'NDAQ', 'MAR', 'CVS', 'HON', 'DE', 'CAT', 'CSCO']"
2021-11-07,"['CAR', 'TSLA', 'QCOM', 'DAL', 'DD', 'UAL', 'LUV', 'KKR', 'AAL', 'F', 'TGT', 'UNH', 'LNG', 'UPS', 'NFLX', 'BX', 'AMD', 'ABT', 'SBUX', 'POOL', 'MO', 'BLK', 'IBM', 'PFE', 'FB', 'CMCSA', 'MGM', 'COO', 'T', 'EA', 'MSFT', 'HD', 'PSA', 'PNC', 'DFS', 'GS', 'GM', 'ET', 'BK', 'MS', 'WY', 'IP', 'VZ', 'LEA', 'V', 'CE', 'CRM', 'LLY', 'NOW', 'C', 'IT', 'FOX', 'INTC', 'CAT', 'FE', 'ICE', 'ADP', 'PG', 'USB', 'PCG', 'NKE', 'BAC', 'MSCI', 'DIS', 'CME', 'GD', 'CNC', 'NTRS', 'FDX', 'OKE', 'KO', 'KR', 'RF', 'AMZN', 'KEY', 'JNJ', 'DE', 'JPM', 'AAPL', 'EBAY', 'WFC', 'TSN', 'BSX', 'GE', 'NDAQ', 'WMT', 'CMS', 'MA', 'PM', 'CBOE', 'MCD', 'SO', 'AXP', 'CVS', 'GOOG', 'DUK', 'CVX', 'ORCL', 'ABBV', 'GIS', 'AIG', 'CI', 'XOM', 'BMY', 'CSCO', 'ABC', 'MAR']"
2021-11-14,"['CAR', 'TSLA', 'IBM', 'AAL', 'LUV', 'QCOM', 'KKR', 'INTC', 'UAL', 'F', 'DIS', 'MGM', 'LEA', 'PFE', 'MAR', 'DAL', 'BX', 'DFS', 'NKE', 'LNG', 'LLY', 'CNC', 'GS', 'POOL', 'COO', 'PNC', 'EBAY', 'MCD', 'AXP', 'CVS', 'ET', 'FB', 'CRM', 'NFLX', 'NDAQ', 'UNH', 'DD', 'ABT', 'EA', 'AMD', 'V', 'PCG', 'GOOG', 'RF', 'MSFT', 'KR', 'ABBV', 'CBOE', 'GM', 'FE', 'BSX', 'ADP', 'SBUX', 'IP', 'WMT', 'WY', 'PG', 'AMZN', 'MO', 'IT', 'ABC', 'AAPL', 'CI', 'BLK', 'WFC', 'GE', 'FDX', 'JPM', 'OKE', 'JNJ', 'MSCI', 'TGT', 'BK', 'T', 'NOW', 'ICE', 'PM', 'UPS', 'C', 'CE', 'ORCL', 'FOX', 'CVX', 'KEY', 'USB', 'DUK', 'SO', 'CAT', 'BMY', 'PSA', 'AIG', 'GD', 'HD', 'CSCO', 'CME', 'BAC', 'TSN', 'XOM', 'DE', 'CMCSA', 'NTRS', 'KO', 'MS', 'MA', 'CMS', 'GIS', 'VZ']"
2021-11-21,"['CAR', 'TSLA', 'QCOM', 'DFS', 'GM', 'V', 'AXP', 'MA', 'AMD', 'FOX', 'MO', 'SBUX', 'EA', 'F', 'ET', 'UAL', 'FB', 'DD', 'GE', 'CE', 'DAL', 'IP', 'COO', 'IBM', 'KEY', 'USB', 'BLK', 'PFE', 'CMCSA', 'WY', 'EBAY', 'PM', 'CNC', 'KR', 'AIG', 'BSX', 'MSFT', 'GD', 'GS', 'FDX', 'GOOG', 'POOL', 'DIS', 'C', 'CI', 'CSCO', 'AAL', 'AAPL', 'ABC', 'PNC', 'BK', 'LUV', 'DE', 'LEA', 'TSN', 'JPM', 'KKR', 'NTRS', 'SO', 'T', 'ADP', 'DUK', 'GIS', 'MGM', 'WMT', 'ABBV', 'HD', 'BAC', 'OKE', 'ORCL', 'ICE', 'LNG', 'XOM', 'TGT', 'INTC', 'VZ', 'UPS', 'CVS', 'WFC', 'NDAQ', 'UNH', 'RF', 'MCD', 'LLY', 'KO', 'MAR', 'AMZN', 'MS', 'CRM', 'CAT', 'BMY', 'MSCI', 'FE', 'NFLX', 'IT', 'JNJ', 'CMS', 'CME', 'CVX', 'NOW', 'ABT', 'CBOE', 'NKE', 'BX', 'PSA', 'PG']"
2021-11-28,"['CAR', 'UAL', 'DAL', 'AAL', 'DD', 'PFE', 'AMD', 'MGM', 'LUV', 'DIS', 'TSLA', 'NFLX', 'GM', 'MAR', 'BSX', 'HD', 'AMZN', 'F', 'GE', 'MS', 'COO', 'MSCI', 'IT', 'ET', 'FB', 'C', 'VZ', 'GS', 'BAC', 'EA', 'KKR', 'CE', 'ABT', 'EBAY', 'ICE', 'AAPL', 'MA', 'TGT', 'UPS', 'WMT', 'KR', 'PSA', 'INTC', 'GOOG', 'CVS', 'ABC', 'IBM', 'DUK', 'CRM', 'DE', 'MSFT', 'BX', 'T', 'LNG', 'ADP', 'WFC', 'CSCO', 'USB', 'NTRS', 'JPM', 'FDX', 'CVX', 'GD', 'IP', 'GIS', 'JNJ', 'MO', 'PM', 'RF', 'ABBV', 'FE', 'BMY', 'CMS', 'DFS', 'KEY', 'CME', 'TSN', 'PG']"
